asin,rank,category,url
B0DDQ21S4V,76,"Knife Cases, Holders & Protectors",/gp/bestsellers/kitchen/13840871/ref=pd_zg_hrsr_kitchen
B0DDQ1Q7TN,76,"Knife Cases, Holders & Protectors",/gp/bestsellers/kitchen/13840871/ref=pd_zg_hrsr_kitchen
B0FL1KV4YQ,94,Chef's Knives,/gp/bestsellers/kitchen/289857/ref=pd_zg_hrsr_kitchen
B0D519XN4R,74,Chef's Knives,/gp/bestsellers/kitchen/289857/ref=pd_zg_hrsr_kitchen
B0FP5FN15M,92,Block Knife Sets,/gp/bestsellers/kitchen/409670/ref=pd_zg_hrsr_kitchen
B0DJXSGWG6,1501,Chef's Knives,/gp/bestsellers/kitchen/289857/ref=pd_zg_hrsr_kitchen
B09PVB1HYR,781,Chef's Knives,/gp/bestsellers/kitchen/289857/ref=pd_zg_hrsr_kitchen
B0BCVZGPVM,34,Chef's Knives,/gp/bestsellers/kitchen/289857/ref=pd_zg_hrsr_kitchen
B0CZSRC6CL,58,Chef's Knives,/gp/bestsellers/kitchen/289857/ref=pd_zg_hrsr_kitchen
B0DNQKM1FT,297,Chef's Knives,/gp/bestsellers/kitchen/289857/ref=pd_zg_hrsr_kitchen
B003B66YKA,21,Chef's Knives,/gp/bestsellers/kitchen/289857/ref=pd_zg_hrsr_kitchen
B0DRGDP5ZF,134,Chef's Knives,/gp/bestsellers/kitchen/289857/ref=pd_zg_hrsr_kitchen
B0DFQ499XV,521,Knife Sharpeners,/gp/bestsellers/kitchen/289867/ref=pd_zg_hrsr_kitchen
B0DB7VSY2R,61,Chef's Knives,/gp/bestsellers/kitchen/289857/ref=pd_zg_hrsr_kitchen
B09YQXJDX5,6,Kitchen Knife Sets,/gp/bestsellers/kitchen/289864/ref=pd_zg_hrsr_kitchen
B0DZMT6CWD,206,Santoku Knives,/gp/bestsellers/kitchen/14309871/ref=pd_zg_hrsr_kitchen
B09B9Q8TMC,47,Block Knife Sets,/gp/bestsellers/kitchen/409670/ref=pd_zg_hrsr_kitchen
B0BGRZM4FN,376,Block Knife Sets,/gp/bestsellers/kitchen/409670/ref=pd_zg_hrsr_kitchen
B0B8NCBW6M,412,Steak Knife Sets,/gp/bestsellers/kitchen/409672/ref=pd_zg_hrsr_kitchen
B0C3CJ5TLX,204,Chef's Knives,/gp/bestsellers/kitchen/289857/ref=pd_zg_hrsr_kitchen
B0DGC7S79J,401,Chef's Knives,/gp/bestsellers/kitchen/289857/ref=pd_zg_hrsr_kitchen
B0FF1QKZY2,460,Chef's Knives,/gp/bestsellers/kitchen/289857/ref=pd_zg_hrsr_kitchen
B0000Y7KNQ,17,Chef's Knives,/gp/bestsellers/kitchen/289857/ref=pd_zg_hrsr_kitchen
B0D95HZM9K,104,Kitchen Knife Sets,/gp/bestsellers/kitchen/289864/ref=pd_zg_hrsr_kitchen
B0D7VVNQBT,152,Chef's Knives,/gp/bestsellers/kitchen/289857/ref=pd_zg_hrsr_kitchen
B08DFSBW6J,33,Chef's Knives,/gp/bestsellers/kitchen/289857/ref=pd_zg_hrsr_kitchen
B0CTK44HGN,277,Chef's Knives,/gp/bestsellers/kitchen/289857/ref=pd_zg_hrsr_kitchen
B0DM891RVR,286,Block Knife Sets,/gp/bestsellers/kitchen/409670/ref=pd_zg_hrsr_kitchen
B0FGXRJ48T,2,Sashimi Knives,/gp/bestsellers/kitchen/14309881/ref=pd_zg_hrsr_kitchen
B0FKB96RR6,265,Chef's Knives,/gp/bestsellers/kitchen/289857/ref=pd_zg_hrsr_kitchen
B0CZNJL11L,100,Kitchen Knife Sets,/gp/bestsellers/kitchen/289864/ref=pd_zg_hrsr_kitchen
B0F47WJWP1,9,Kitchen Knife Sets,/gp/bestsellers/kitchen/289864/ref=pd_zg_hrsr_kitchen
B0171BTJ84,27,Kitchen Knife Sets,/gp/bestsellers/kitchen/289864/ref=pd_zg_hrsr_kitchen
B07N61M2X5,48,Chef's Knives,/gp/bestsellers/kitchen/289857/ref=pd_zg_hrsr_kitchen
B0DBVDWCG1,15,Block Knife Sets,/gp/bestsellers/kitchen/409670/ref=pd_zg_hrsr_kitchen
B0F1YPDH8G,312,Chef's Knives,/gp/bestsellers/kitchen/289857/ref=pd_zg_hrsr_kitchen
B0F93Y59S6,107,Chef's Knives,/gp/bestsellers/kitchen/289857/ref=pd_zg_hrsr_kitchen
B08FWRQ7WT,4,Meat Cleavers,/gp/bestsellers/kitchen/409662/ref=pd_zg_hrsr_kitchen
B0CCJ3J5SZ,43,Usuba & Nakiri Knives,/gp/bestsellers/kitchen/14309891/ref=pd_zg_hrsr_kitchen
B00BQ83BCE,59,Chef's Knives,/gp/bestsellers/kitchen/289857/ref=pd_zg_hrsr_kitchen
B0FQJHY93V,354,Block Knife Sets,/gp/bestsellers/kitchen/409670/ref=pd_zg_hrsr_kitchen
B0DR1NKGDP,31,Chef's Knives,/gp/bestsellers/kitchen/289857/ref=pd_zg_hrsr_kitchen
B0F9XXZ3QV,185,Chef's Knives,/gp/bestsellers/kitchen/289857/ref=pd_zg_hrsr_kitchen
B0F4R9ZJCC,1,Santoku Knives,/gp/bestsellers/kitchen/14309871/ref=pd_zg_hrsr_kitchen
B0F47KMLB3,807,Chef's Knives,/gp/bestsellers/kitchen/289857/ref=pd_zg_hrsr_kitchen
B00004RFMT,1,Mincing Knives,/gp/bestsellers/kitchen/13875951/ref=pd_zg_hrsr_kitchen
B071JV1GDP,50,Chef's Knives,/gp/bestsellers/kitchen/289857/ref=pd_zg_hrsr_kitchen
B0DKMPKPLX,95,Block Knife Sets,/gp/bestsellers/kitchen/409670/ref=pd_zg_hrsr_kitchen
B0DJVYVYCZ,823,Block Knife Sets,/gp/bestsellers/kitchen/409670/ref=pd_zg_hrsr_kitchen
B0DG9WB1WM,75,Chef's Knives,/gp/bestsellers/kitchen/289857/ref=pd_zg_hrsr_kitchen
B0B3XRTGQR,315,Chef's Knives,/gp/bestsellers/kitchen/289857/ref=pd_zg_hrsr_kitchen
B0DDKP1N8L,2,Chinese Vegetable Knives,/gp/bestsellers/kitchen/14309841/ref=pd_zg_hrsr_kitchen
B0CM3BT33D,22,Kitchen Knife Sets,/gp/bestsellers/kitchen/289864/ref=pd_zg_hrsr_kitchen
B0DHS55XSF,11,Chef's Knives,/gp/bestsellers/kitchen/289857/ref=pd_zg_hrsr_kitchen
B0FGQ53GQ2,53,Block Knife Sets,/gp/bestsellers/kitchen/409670/ref=pd_zg_hrsr_kitchen
B09MLGKDZ7,517,Block Knife Sets,/gp/bestsellers/kitchen/409670/ref=pd_zg_hrsr_kitchen
B09BBFBMFN,175,Block Knife Sets,/gp/bestsellers/kitchen/409670/ref=pd_zg_hrsr_kitchen
B0CBT2LYY9,315,Block Knife Sets,/gp/bestsellers/kitchen/409670/ref=pd_zg_hrsr_kitchen
B0C5D83X5C,288,Chef's Knives,/gp/bestsellers/kitchen/289857/ref=pd_zg_hrsr_kitchen
B0DGFZ4QT7,28,Santoku Knives,/gp/bestsellers/kitchen/14309871/ref=pd_zg_hrsr_kitchen
B07GNHF45Z,11,Meat Cleavers,/gp/bestsellers/kitchen/409662/ref=pd_zg_hrsr_kitchen
B09VXRVF1Z,186,Kitchen Knife Sets,/gp/bestsellers/kitchen/289864/ref=pd_zg_hrsr_kitchen
B0D5L76CR5,336,Block Knife Sets,/gp/bestsellers/kitchen/409670/ref=pd_zg_hrsr_kitchen
B084GC1KQH,87,Chef's Knives,/gp/bestsellers/kitchen/289857/ref=pd_zg_hrsr_kitchen
B011LBF5H4,119,Kitchen Utility Knives,/gp/bestsellers/kitchen/498926/ref=pd_zg_hrsr_kitchen
B09DQBF53R,60,Chef's Knives,/gp/bestsellers/kitchen/289857/ref=pd_zg_hrsr_kitchen
B0D47GL9XS,32,Chef's Knives,/gp/bestsellers/kitchen/289857/ref=pd_zg_hrsr_kitchen
B07SZSGVXM,12,Chef's Knives,/gp/bestsellers/kitchen/289857/ref=pd_zg_hrsr_kitchen
B0DGL4YPPX,693,Chef's Knives,/gp/bestsellers/kitchen/289857/ref=pd_zg_hrsr_kitchen
B088M44548,71,Kitchen Knife Sets,/gp/bestsellers/kitchen/289864/ref=pd_zg_hrsr_kitchen
B09GCGQKNZ,74,Chef's Knives,/gp/bestsellers/kitchen/289857/ref=pd_zg_hrsr_kitchen
B0DKM7J73G,5,Santoku Knives,/gp/bestsellers/kitchen/14309871/ref=pd_zg_hrsr_kitchen
B0CB6HXM86,35,Kitchen Knife Sets,/gp/bestsellers/kitchen/289864/ref=pd_zg_hrsr_kitchen
B0CZ8DS3C2,87,Usuba & Nakiri Knives,/gp/bestsellers/kitchen/14309891/ref=pd_zg_hrsr_kitchen
B0DYNZK392,797,Chef's Knives,/gp/bestsellers/kitchen/289857/ref=pd_zg_hrsr_kitchen
B00CEZL1OI,4,Santoku Knives,/gp/bestsellers/kitchen/14309871/ref=pd_zg_hrsr_kitchen
B0CTJ6TSXV,259,Kitchen Knife Sets,/gp/bestsellers/kitchen/289864/ref=pd_zg_hrsr_kitchen
B0D3GX433F,49,Kitchen Knife Sets,/gp/bestsellers/kitchen/289864/ref=pd_zg_hrsr_kitchen
B0DJLK8TD2,42,Chef's Knives,/gp/bestsellers/kitchen/289857/ref=pd_zg_hrsr_kitchen
B09BGSY58L,13,Block Knife Sets,/gp/bestsellers/kitchen/409670/ref=pd_zg_hrsr_kitchen
B082NW1WG3,16,Meat Cleavers,/gp/bestsellers/kitchen/409662/ref=pd_zg_hrsr_kitchen
B0BZ158CJY,2,Santoku Knives,/gp/bestsellers/kitchen/14309871/ref=pd_zg_hrsr_kitchen
B097JHY771,3338,Chef's Knives,/gp/bestsellers/kitchen/289857/ref=pd_zg_hrsr_kitchen
B0D5YCHVJJ,26,Chef's Knives,/gp/bestsellers/kitchen/289857/ref=pd_zg_hrsr_kitchen
B08N45T1F1,142,Chef's Knives,/gp/bestsellers/kitchen/289857/ref=pd_zg_hrsr_kitchen
B094NK5KG2,1,Santoku Knives,/gp/bestsellers/kitchen/14309871/ref=pd_zg_hrsr_kitchen
B07YPY9Q6G,20,Chef's Knives,/gp/bestsellers/kitchen/289857/ref=pd_zg_hrsr_kitchen
B0F9XX89GN,51,Santoku Knives,/gp/bestsellers/kitchen/14309871/ref=pd_zg_hrsr_kitchen
B07KQ3GDBW,16,Usuba & Nakiri Knives,/gp/bestsellers/kitchen/14309891/ref=pd_zg_hrsr_kitchen
B0009MGN3W,99,Chef's Knives,/gp/bestsellers/kitchen/289857/ref=pd_zg_hrsr_kitchen
B0B656458S,1,Chinese Chef's Knives & Cleavers,/gp/bestsellers/kitchen/14309831/ref=pd_zg_hrsr_kitchen
B0FM3217M3,150,Block Knife Sets,/gp/bestsellers/kitchen/409670/ref=pd_zg_hrsr_kitchen
B0D9LS46J5,7,Gyutou Knives,/gp/bestsellers/kitchen/14309861/ref=pd_zg_hrsr_kitchen
B0DFH166MK,131,Chef's Knives,/gp/bestsellers/kitchen/289857/ref=pd_zg_hrsr_kitchen
B0F1N3QFGR,85,Knife Blocks,/gp/bestsellers/kitchen/13840851/ref=pd_zg_hrsr_kitchen
B0F66QBCDW,144,Block Knife Sets,/gp/bestsellers/kitchen/409670/ref=pd_zg_hrsr_kitchen
B0FG2QWKYC,152,Magnetic Knife Strips,/gp/bestsellers/kitchen/13840861/ref=pd_zg_hrsr_kitchen
B0FQV9D497,209,Chef's Knives,/gp/bestsellers/kitchen/289857/ref=pd_zg_hrsr_kitchen
B0C1BFMFLZ,44,Chef's Knives,/gp/bestsellers/kitchen/289857/ref=pd_zg_hrsr_kitchen
B0CJRQXTZ6,2265,Chef's Knives,/gp/bestsellers/kitchen/289857/ref=pd_zg_hrsr_kitchen
B0F1FCZDYD,85,Chef's Knives,/gp/bestsellers/kitchen/289857/ref=pd_zg_hrsr_kitchen
B0FX8D4RCC,2,Deba Knives,/gp/bestsellers/kitchen/14309851/ref=pd_zg_hrsr_kitchen
B0CYC9CDT8,98,Usuba & Nakiri Knives,/gp/bestsellers/kitchen/14309891/ref=pd_zg_hrsr_kitchen
B0FJFH1YBD,54,Camping Fixed-Blade Knives,/gp/bestsellers/sporting-goods/3400871/ref=pd_zg_hrsr_sporting-goods
B0DLKGFSRJ,68,Block Knife Sets,/gp/bestsellers/kitchen/409670/ref=pd_zg_hrsr_kitchen
B0DDKPMVHX,2,Chinese Vegetable Knives,/gp/bestsellers/kitchen/14309841/ref=pd_zg_hrsr_kitchen
B0FGXNGH5P,2,Sashimi Knives,/gp/bestsellers/kitchen/14309881/ref=pd_zg_hrsr_kitchen
B07X4G5427,309,Block Knife Sets,/gp/bestsellers/kitchen/409670/ref=pd_zg_hrsr_kitchen
B0CGVG79PS,25,Usuba & Nakiri Knives,/gp/bestsellers/kitchen/14309891/ref=pd_zg_hrsr_kitchen
B0DRV79TZJ,15,Usuba & Nakiri Knives,/gp/bestsellers/kitchen/14309891/ref=pd_zg_hrsr_kitchen
B0FC6KMLJW,341,Steak Knife Sets,/gp/bestsellers/kitchen/409672/ref=pd_zg_hrsr_kitchen
B005P0OLA0,207,Block Knife Sets,/gp/bestsellers/kitchen/409670/ref=pd_zg_hrsr_kitchen
B0C9QNK6HR,31,Steak Knives,/gp/bestsellers/kitchen/289861/ref=pd_zg_hrsr_kitchen
B0F6BLXH4Q,116,Paring Knives,/gp/bestsellers/kitchen/289859/ref=pd_zg_hrsr_kitchen
B09QYH1781,10,Meat Cleavers,/gp/bestsellers/kitchen/409662/ref=pd_zg_hrsr_kitchen
B004LNGPXS,89,Chef's Knives,/gp/bestsellers/kitchen/289857/ref=pd_zg_hrsr_kitchen
B0FYFXX7GP,423,Block Knife Sets,/gp/bestsellers/kitchen/409670/ref=pd_zg_hrsr_kitchen
B0FKB92VRS,295,Chef's Knives,/gp/bestsellers/kitchen/289857/ref=pd_zg_hrsr_kitchen
B0FNWWWM3R,29,Carving Knives,/gp/bestsellers/kitchen/409656/ref=pd_zg_hrsr_kitchen
B09521GB44,139,Chef's Knives,/gp/bestsellers/kitchen/289857/ref=pd_zg_hrsr_kitchen
B085XYC5L5,31,Steak Knives,/gp/bestsellers/kitchen/289861/ref=pd_zg_hrsr_kitchen
B0FR46S7XW,282,Carving Sets,/gp/bestsellers/kitchen/409660/ref=pd_zg_hrsr_kitchen
B0F58HLDNR,68,Santoku Knives,/gp/bestsellers/kitchen/14309871/ref=pd_zg_hrsr_kitchen
B0FBX4HGT3,1666,Kitchen Knife Sets,/gp/bestsellers/kitchen/289864/ref=pd_zg_hrsr_kitchen
B091HDQRVN,31,Paring Knives,/gp/bestsellers/kitchen/289859/ref=pd_zg_hrsr_kitchen
B0F9XVDV1M,180,Bread Knives,/gp/bestsellers/kitchen/720777011/ref=pd_zg_hrsr_kitchen
B000J1BI3I,104,Block Knife Sets,/gp/bestsellers/kitchen/409670/ref=pd_zg_hrsr_kitchen
B07BK2RSMR,68,Chef's Knives,/gp/bestsellers/kitchen/289857/ref=pd_zg_hrsr_kitchen
B0DRJGDM69,145,Chef's Knives,/gp/bestsellers/kitchen/289857/ref=pd_zg_hrsr_kitchen
B0DGKMT54C,84,Block Knife Sets,/gp/bestsellers/kitchen/409670/ref=pd_zg_hrsr_kitchen
B0FR1NHMJQ,80,Block Knife Sets,/gp/bestsellers/kitchen/409670/ref=pd_zg_hrsr_kitchen
B09YQY517H,7,Chef's Knives,/gp/bestsellers/kitchen/289857/ref=pd_zg_hrsr_kitchen
B0FL1K7LJT,35,Santoku Knives,/gp/bestsellers/kitchen/14309871/ref=pd_zg_hrsr_kitchen
B0DGL3FDWX,7,Fillet Knives,/gp/bestsellers/kitchen/19290351011/ref=pd_zg_hrsr_kitchen
B0DNF1F2HG,40,Chef's Knives,/gp/bestsellers/kitchen/289857/ref=pd_zg_hrsr_kitchen
B000PS2XI4,1,Bread Knives,/gp/bestsellers/kitchen/720777011/ref=pd_zg_hrsr_kitchen
B0C7G4NDN9,108,Block Knife Sets,/gp/bestsellers/kitchen/409670/ref=pd_zg_hrsr_kitchen
B0CKYZ4LV3,10,Paring Knives,/gp/bestsellers/kitchen/289859/ref=pd_zg_hrsr_kitchen
B092BDZVM4,123,Kitchen Knife Sets,/gp/bestsellers/kitchen/289864/ref=pd_zg_hrsr_kitchen
B092BDZVM4,176,Chef's Knives,/gp/bestsellers/kitchen/289857/ref=pd_zg_hrsr_kitchen
B0FXMP8ZWZ,518,Steak Knives,/gp/bestsellers/kitchen/289861/ref=pd_zg_hrsr_kitchen
B0FC6RG41K,5,Kitchen Knife Sets,/gp/bestsellers/kitchen/289864/ref=pd_zg_hrsr_kitchen
B09WMRJL4T,124,Chef's Knives,/gp/bestsellers/kitchen/289857/ref=pd_zg_hrsr_kitchen
B0CBTDQ28Z,196,Chef's Knives,/gp/bestsellers/kitchen/289857/ref=pd_zg_hrsr_kitchen
B0FXMFSJC6,89,Meat Cleavers,/gp/bestsellers/kitchen/409662/ref=pd_zg_hrsr_kitchen
B0B6FVNJQT,38,Meat Cleavers,/gp/bestsellers/kitchen/409662/ref=pd_zg_hrsr_kitchen
B0CL7H8FWZ,22,Santoku Knives,/gp/bestsellers/kitchen/14309871/ref=pd_zg_hrsr_kitchen
B0BFR5K1YF,55,Block Knife Sets,/gp/bestsellers/kitchen/409670/ref=pd_zg_hrsr_kitchen
B098XQQN9Z,16,Chef's Knives,/gp/bestsellers/kitchen/289857/ref=pd_zg_hrsr_kitchen
B0D22W1B9B,27,Block Knife Sets,/gp/bestsellers/kitchen/409670/ref=pd_zg_hrsr_kitchen
B0D9BB6DP3,485,Carving Sets,/gp/bestsellers/kitchen/409660/ref=pd_zg_hrsr_kitchen
B0D9BB6DP3,915321,Home Décor Products,/gp/bestsellers/home-garden/1063278/ref=pd_zg_hrsr_home-garden
B0FHPRVY4L,247,Kitchen Knife Sets,/gp/bestsellers/kitchen/289864/ref=pd_zg_hrsr_kitchen
B09JBQD9S3,51,Chef's Knives,/gp/bestsellers/kitchen/289857/ref=pd_zg_hrsr_kitchen
B0DP71655L,26,Bread Knives,/gp/bestsellers/kitchen/720777011/ref=pd_zg_hrsr_kitchen
B0DQ7QVDKL,279,Kitchen Knife Sets,/gp/bestsellers/kitchen/289864/ref=pd_zg_hrsr_kitchen
B08BG41YSV,136,Block Knife Sets,/gp/bestsellers/kitchen/409670/ref=pd_zg_hrsr_kitchen
B0DGFYMJTV,3,Usuba & Nakiri Knives,/gp/bestsellers/kitchen/14309891/ref=pd_zg_hrsr_kitchen
B0F3J3ZHQX,5,Fillet Knives,/gp/bestsellers/kitchen/19290351011/ref=pd_zg_hrsr_kitchen
B08WRHBBK1,60,Chef's Knives,/gp/bestsellers/kitchen/289857/ref=pd_zg_hrsr_kitchen
B0F8MS1ZQZ,8,Chef's Knives,/gp/bestsellers/kitchen/289857/ref=pd_zg_hrsr_kitchen
B0DX6SWZNL,472,Block Knife Sets,/gp/bestsellers/kitchen/409670/ref=pd_zg_hrsr_kitchen
B0C9MPD7ZP,38,Kitchen Knife Sets,/gp/bestsellers/kitchen/289864/ref=pd_zg_hrsr_kitchen
B0C3PXKWWS,23,Block Knife Sets,/gp/bestsellers/kitchen/409670/ref=pd_zg_hrsr_kitchen
B0CS2R3TRR,29,Chef's Knives,/gp/bestsellers/kitchen/289857/ref=pd_zg_hrsr_kitchen
B0BDYMYRJ6,289,Block Knife Sets,/gp/bestsellers/kitchen/409670/ref=pd_zg_hrsr_kitchen
B0D986J58P,132,Carving Sets,/gp/bestsellers/kitchen/409660/ref=pd_zg_hrsr_kitchen
B0D8PB8NJJ,1,Boning Knives,/gp/bestsellers/kitchen/19290350011/ref=pd_zg_hrsr_kitchen
B08WJS3KVB,14,Chef's Knives,/gp/bestsellers/kitchen/289857/ref=pd_zg_hrsr_kitchen
B0FP4MRGJ2,38,Block Knife Sets,/gp/bestsellers/kitchen/409670/ref=pd_zg_hrsr_kitchen
B0C38X279D,81,Chef's Knives,/gp/bestsellers/kitchen/289857/ref=pd_zg_hrsr_kitchen
B0DP72QCN6,2,Carving Knives,/gp/bestsellers/kitchen/409656/ref=pd_zg_hrsr_kitchen
B08KD27THM,2,Chinese Vegetable Knives,/gp/bestsellers/kitchen/14309841/ref=pd_zg_hrsr_kitchen
B00R20CZR2,5,Meat Cleavers,/gp/bestsellers/kitchen/409662/ref=pd_zg_hrsr_kitchen
B0FV8J9YT2,72,Block Knife Sets,/gp/bestsellers/kitchen/409670/ref=pd_zg_hrsr_kitchen
B0CN6MF86G,21,Block Knife Sets,/gp/bestsellers/kitchen/409670/ref=pd_zg_hrsr_kitchen
B08SWJYV7C,178,Chef's Knives,/gp/bestsellers/kitchen/289857/ref=pd_zg_hrsr_kitchen
B0FLXSVQVC,233,Block Knife Sets,/gp/bestsellers/kitchen/409670/ref=pd_zg_hrsr_kitchen
B0F53TN1NH,78,Chef's Knives,/gp/bestsellers/kitchen/289857/ref=pd_zg_hrsr_kitchen
B0C3CPTH9F,47,Chef's Knives,/gp/bestsellers/kitchen/289857/ref=pd_zg_hrsr_kitchen
B0F1YRQXN3,312,Chef's Knives,/gp/bestsellers/kitchen/289857/ref=pd_zg_hrsr_kitchen
B0FK2914VM,102,Chef's Knives,/gp/bestsellers/kitchen/289857/ref=pd_zg_hrsr_kitchen
B0DPZQ94LC,300,Chef's Knives,/gp/bestsellers/kitchen/289857/ref=pd_zg_hrsr_kitchen
B0BRC37Z7W,118,Chef's Knives,/gp/bestsellers/kitchen/289857/ref=pd_zg_hrsr_kitchen
B0FRM53T6N,39,Chef's Knives,/gp/bestsellers/kitchen/289857/ref=pd_zg_hrsr_kitchen
B079GQJP39,15,Steak Knives,/gp/bestsellers/kitchen/289861/ref=pd_zg_hrsr_kitchen
B0D9GKQGRF,37,Block Knife Sets,/gp/bestsellers/kitchen/409670/ref=pd_zg_hrsr_kitchen
B0FL24KL7R,824,Bread Knives,/gp/bestsellers/kitchen/720777011/ref=pd_zg_hrsr_kitchen
B0CDQBWRMV,765,Chef's Knives,/gp/bestsellers/kitchen/289857/ref=pd_zg_hrsr_kitchen
B078WM9N69,6,Gyutou Knives,/gp/bestsellers/kitchen/14309861/ref=pd_zg_hrsr_kitchen
B0DXPQ88ZV,54,Chef's Knives,/gp/bestsellers/kitchen/289857/ref=pd_zg_hrsr_kitchen
B0DCVB4LDP,2,Carving Knives,/gp/bestsellers/kitchen/409656/ref=pd_zg_hrsr_kitchen
B0F1FCKTJ7,370,Chef's Knives,/gp/bestsellers/kitchen/289857/ref=pd_zg_hrsr_kitchen
