product_id,material_id,source,confidence
B0DX6Q61D5,powder_steel,title,1.0
B0DX6Q61D5,high_carbon,title,1.0
B0F6L7GRHZ,high_carbon,title,1.0
B0F6L7GRHZ,stainless,title,1.0
B0F6L7GRHZ,damascus,bullet_points_text,0.8
B09N6WQ84Q,high_carbon,bullet_points_text,0.8
B09N6WQ84Q,stainless,bullet_points_text,0.8
B07SMN6GXB,stainless,bullet_points_text,0.8
B0DS2HTK9N,high_carbon,bullet_points_text,0.8
B0DS2HTK9N,carbon_steel,bullet_points_text,0.8
B0DS2HTK9N,stainless,bullet_points_text,0.8
B0B295J4L2,damascus,title,1.0
B0FSTF4FSN,carbon_steel,bullet_points_text,0.8
B0FSTF4FSN,stainless,bullet_points_text,0.8
B0F1XSJ9YS,high_carbon,title,1.0
B0F1XSJ9YS,stainless,title,1.0
B0FSZV7WYB,carbon_steel,bullet_points_text,0.8
B0FSZV7WYB,stainless,bullet_points_text,0.8
B0DFH6VZ5B,damascus,bullet_points_text,0.8
B0DFH6VZ5B,stainless,bullet_points_text,0.8
B0DSHYXVPN,high_carbon,title,1.0
B0DSHYXVPN,stainless,title,1.0
B0DSHYXVPN,damascus,bullet_points_text,0.8
B0DJGDXWBW,vg10,title,1.0
B0DJGDXWBW,damascus,title,1.0
B0DJGDXWBW,stainless,title,1.0
B0DJGDXWBW,high_carbon,bullet_points_text,0.8
B0DJGDXWBW,carbon_steel,bullet_points_text,0.8
B0DG9Y57NY,stainless,title,1.0
B09DKSJ7JF,stainless,title,1.0
B09DKSJ7JF,high_carbon,bullet_points_text,0.8
B0CW3FZR24,stainless,title,1.0
B0CW3FZR24,high_carbon,bullet_points_text,0.8
B07P46SQPW,high_carbon,title,1.0
B07P46SQPW,stainless,title,1.0
B07P46SQPW,damascus,bullet_points_text,0.8
B0DM83MFMC,german_steel,bullet_points_text,0.8
B0DM83MFMC,stainless,bullet_points_text,0.8
B09SB8F3FD,damascus,bullet_points_text,0.8
B09SB8F3FD,stainless,bullet_points_text,0.8
B084G8Y5M4,stainless,title,1.0
B0DSJ36HHZ,high_carbon,title,1.0
B0DSJ36HHZ,stainless,title,1.0
B0DSJ36HHZ,damascus,bullet_points_text,0.8
B0DM7XB86G,damascus,bullet_points_text,0.8
B0DM7XB86G,stainless,bullet_points_text,0.8
B0DM84Y4XT,damascus,title,1.0
B0DM84Y4XT,vg10,bullet_points_text,0.8
B0DM84Y4XT,carbon_steel,bullet_points_text,0.8
B0DM84Y4XT,stainless,bullet_points_text,0.8
B0FCXWCXY4,high_carbon,title,1.0
B0FCXWCXY4,stainless,title,1.0
B07W85ND8W,german_steel,title,1.0
B07W85ND8W,high_carbon,title,1.0
B0C2Z6L1XB,stainless,title,1.0
B0CG8WC1BV,high_carbon,title,1.0
B0CG8WC1BV,stainless,title,1.0
B0CG8WC1BV,carbon_steel,bullet_points_text,0.8
B07P46QB4K,stainless,title,1.0
B07P46QB4K,german_steel,bullet_points_text,0.8
B0C77KYXKK,high_carbon,title,1.0
B0C77KYXKK,stainless,title,1.0
B0CTK42ZNP,damascus,title,1.0
B0CTK42ZNP,vg10,bullet_points_text,0.8
B07TWRGXMG,high_carbon,title,1.0
B07TWRGXMG,carbon_steel,title,1.0
B0DM9K3ZQQ,damascus,bullet_points_text,0.8
B0DM9K3ZQQ,high_carbon,bullet_points_text,0.8
B0DM9K3ZQQ,stainless,bullet_points_text,0.8
B09N7CPC5B,damascus,bullet_points_text,0.8
B09N7CPC5B,high_carbon,bullet_points_text,0.8
B09N7CPC5B,stainless,bullet_points_text,0.8
B0CFSTGQ34,stainless,title,1.0
B0CFSTGQ34,high_carbon,description_clean,0.6
B0F53T1C9V,high_carbon,title,1.0
B0F53T1C9V,stainless,title,1.0
B0F53T1C9V,carbon_steel,bullet_points_text,0.8
B099S2DB85,high_carbon,title,1.0
B099S2DB85,stainless,title,1.0
B0C37GLKHZ,high_carbon,bullet_points_text,0.8
B0C37GLKHZ,stainless,bullet_points_text,0.8
B0FWQV72CL,high_carbon,bullet_points_text,0.8
B0FWQV72CL,stainless,bullet_points_text,0.8
B0DLZDWWCM,damascus,title,1.0
B0DLZDWWCM,high_carbon,title,1.0
B0DLZDWWCM,carbon_steel,title,1.0
B0DLZDWWCM,german_steel,bullet_points_text,0.8
B0DLZDWWCM,stainless,bullet_points_text,0.8
B00GIBKCGC,stainless,bullet_points_text,0.8
B00GIBKCGC,high_carbon,description_clean,0.6
B0DGB59ZT9,stainless,title,1.0
B0FL9DZ9HV,stainless,title,1.0
B09BQV3XNF,high_carbon,title,1.0
B09BQV3XNF,stainless,title,1.0
B0CG2BFKDM,stainless,title,1.0
B09NN1FHJG,damascus,title,1.0
B09NN1FHJG,vg10,bullet_points_text,0.8
B0C6X91FCZ,high_carbon,title,1.0
B0C6X91FCZ,stainless,title,1.0
B0CMZ7N6Z8,high_carbon,title,1.0
B0CMZ7N6Z8,stainless,title,1.0
B09N7FCX8W,high_carbon,bullet_points_text,0.8
B09N7FCX8W,stainless,bullet_points_text,0.8
B0C8HXRQN7,carbon_steel,title,1.0
B0C8HXRQN7,high_carbon,bullet_points_text,0.8
B0C8HXRQN7,stainless,bullet_points_text,0.8
B09793FKG8,stainless,bullet_points_text,0.8
B0CFXWNSP8,vg10,title,1.0
B0CFXWNSP8,damascus,title,1.0
B0CFXWNSP8,carbon_steel,bullet_points_text,0.8
B0CWH4MF7W,high_carbon,title,1.0
B0CWH4MF7W,stainless,title,1.0
B0CWH4MF7W,carbon_steel,bullet_points_text,0.8
B09N7F6C3V,damascus,bullet_points_text,0.8
B09N7F6C3V,high_carbon,bullet_points_text,0.8
B09N7F6C3V,stainless,bullet_points_text,0.8
B0BMFTPFSY,damascus,bullet_points_text,0.8
B0BMFTPFSY,high_carbon,bullet_points_text,0.8
B0BMFTPFSY,stainless,bullet_points_text,0.8
B0CZ747XJJ,high_carbon,title,1.0
B0CZ747XJJ,stainless,title,1.0
B0CZ747XJJ,carbon_steel,bullet_points_text,0.8
B0FSZKDY88,carbon_steel,bullet_points_text,0.8
B0FSZKDY88,stainless,bullet_points_text,0.8
B0DF2W38BD,vg10,title,1.0
B0DF2W38BD,damascus,title,1.0
B09V4X692D,high_carbon,title,1.0
B09V4X692D,stainless,title,1.0
B0DM9ML5D3,damascus,bullet_points_text,0.8
B0DM9ML5D3,high_carbon,bullet_points_text,0.8
B0DM9ML5D3,stainless,bullet_points_text,0.8
B0CDGYRRPY,high_carbon,title,1.0
B0CDGYRRPY,stainless,title,1.0
B0FFMGKQFB,high_carbon,title,1.0
B0FFMGKQFB,carbon_steel,title,1.0
B0FFMGKQFB,stainless,bullet_points_text,0.8
B08V399L1Z,stainless,description_clean,0.6
B0C6XGY493,high_carbon,title,1.0
B0C6XGY493,stainless,title,1.0
B0B1DK264D,damascus,title,1.0
B0B1DK264D,carbon_steel,bullet_points_text,0.8
B09797YFYY,damascus,bullet_points_text,0.8
B09797YFYY,stainless,bullet_points_text,0.8
B0DSJ1CNQ2,german_steel,title,1.0
B0DSJ1CNQ2,high_carbon,title,1.0
B0DSJ1CNQ2,stainless,bullet_points_text,0.8
B09FXJ6GMH,damascus,bullet_points_text,0.8
B09FXJ6GMH,german_steel,bullet_points_text,0.8
B09FXJ6GMH,stainless,bullet_points_text,0.8
B0DD56SV3N,stainless,title,1.0
B01GL5G6O6,high_carbon,title,1.0
B01GL5G6O6,stainless,title,1.0
B01M4HMVAA,german_steel,title,1.0
B01M4HMVAA,stainless,description_clean,0.6
B0DM82G931,german_steel,bullet_points_text,0.8
B0DM82G931,high_carbon,bullet_points_text,0.8
B0DM82G931,stainless,bullet_points_text,0.8
B00LI03Q7K,stainless,title,1.0
B0DFYRDYD8,high_carbon,bullet_points_text,0.8
B0DFYRDYD8,stainless,bullet_points_text,0.8
B0DNW1X8Z4,high_carbon,title,1.0
B0DNW1X8Z4,stainless,title,1.0
B09Y5NZ1WC,damascus,title,1.0
B09Y5NZ1WC,carbon_steel,bullet_points_text,0.8
B0DSK8P872,high_carbon,title,1.0
B0DSK8P872,stainless,title,1.0
B0B62LSJMN,high_carbon,title,1.0
B0B62LSJMN,stainless,title,1.0
B0CBS9FTDX,damascus,title,1.0
B0DM8363RQ,damascus,title,1.0
B0DM8363RQ,vg10,bullet_points_text,0.8
B0DM8363RQ,carbon_steel,bullet_points_text,0.8
B0DM8363RQ,stainless,bullet_points_text,0.8
B09FL98DFP,damascus,bullet_points_text,0.8
B09FL98DFP,stainless,bullet_points_text,0.8
B0DSK7JYLW,high_carbon,title,1.0
B0DSK7JYLW,stainless,title,1.0
B0DSK7JYLW,carbon_steel,bullet_points_text,0.8
B0DKFYLVNL,vg10,title,1.0
B0DKFYLVNL,damascus,title,1.0
B07S2TDMBK,stainless,bullet_points_text,0.8
B0DM82BWSR,german_steel,bullet_points_text,0.8
B09N7G38FP,high_carbon,bullet_points_text,0.8
B09N7G38FP,stainless,bullet_points_text,0.8
B0FBRQRPLX,high_carbon,title,1.0
B0FBRQRPLX,stainless,title,1.0
B09S9YQS7W,damascus,bullet_points_text,0.8
B09S9YQS7W,stainless,bullet_points_text,0.8
B09D3DZCQB,german_steel,title,1.0
B07QHHXMFR,stainless,bullet_points_text,0.8
B0B8MLGQFQ,stainless,title,1.0
B0C37CN71P,stainless,bullet_points_text,0.8
B096XCY3S9,stainless,title,1.0
B0FBWK81R9,damascus,title,1.0
B0FBWK81R9,stainless,title,1.0
B0BMNQMH9J,stainless,description_clean,0.6
B0DM81MGR9,carbon_steel,bullet_points_text,0.8
B0FG7HCKJG,stainless,title,1.0
B0D9H46D1S,carbon_steel,bullet_points_text,0.8
B0D9H46D1S,stainless,bullet_points_text,0.8
B0CJV6S9PW,high_carbon,title,1.0
B0CJV6S9PW,carbon_steel,bullet_points_text,0.8
B01KQKGDAY,stainless,title,1.0
B01KQKGDAY,german_steel,description_clean,0.6
B076QGYHDK,stainless,title,1.0
B08ZQPYCBM,stainless,title,1.0
B0FK1X9R79,damascus,title,1.0
B0FK1X9R79,vg10,bullet_points_text,0.8
B0DM856S88,damascus,title,1.0
B0DM856S88,vg10,bullet_points_text,0.8
B0DM856S88,carbon_steel,bullet_points_text,0.8
B0CHQVGGZM,high_carbon,title,1.0
B0CHQVGGZM,stainless,title,1.0
B09Q2Q2HQ3,high_carbon,title,1.0
B09Q2Q2HQ3,stainless,title,1.0
B0CLQXN88Q,stainless,title,1.0
B00GIBJZWO,stainless,bullet_points_text,0.8
B0DBJSS5LD,stainless,title,1.0
B00LSV613K,stainless,bullet_points_text,0.8
B0DGQKV614,german_steel,title,1.0
B0DGQKV614,high_carbon,title,1.0
B0DGQKV614,carbon_steel,bullet_points_text,0.8
B0DGQKV614,stainless,bullet_points_text,0.8
B0C37G8DCK,stainless,bullet_points_text,0.8
B0DM82NK7J,german_steel,bullet_points_text,0.8
B09Q2Q7KF5,high_carbon,title,1.0
B09Q2Q7KF5,stainless,title,1.0
B09Q2Q7KF5,damascus,bullet_points_text,0.8
B0FMQZS2RL,aus10,title,1.0
B0FMQZS2RL,damascus,title,1.0
B06WVBM57D,stainless,title,1.0
B0DZ2BRPLL,high_carbon,title,1.0
B0DZ2BRPLL,carbon_steel,title,1.0
B0F4N7HL8V,high_carbon,title,1.0
B0F4N7HL8V,carbon_steel,title,1.0
B0DCV9V2PV,high_carbon,title,1.0
B0DCV9V2PV,carbon_steel,title,1.0
B0DCV9V2PV,stainless,bullet_points_text,0.8
B0FQHT7Y9V,high_carbon,bullet_points_text,0.8
B0FQHT7Y9V,stainless,bullet_points_text,0.8
B0CD1ZL3J6,vg10,title,1.0
B0CD1ZL3J6,damascus,title,1.0
B07K46875F,high_carbon,title,1.0
B07K46875F,stainless,title,1.0
B07K46875F,damascus,bullet_points_text,0.8
B0B1T6M6ZV,stainless,bullet_points_text,0.8
B0BJ6RKT38,stainless,title,1.0
B0BJ6RKT38,x50crmov15,bullet_points_text,0.8
B0DGQLD5Q1,high_carbon,title,1.0
B0DGQLD5Q1,stainless,title,1.0
B0DRGFJWCZ,stainless,title,1.0
B09HCX44GK,stainless,title,1.0
B0DSK8342X,high_carbon,title,1.0
B0DSK8342X,stainless,title,1.0
B09WGR7W5W,stainless,title,1.0
B09K7J96QV,vg10,title,1.0
B09K7J96QV,damascus,title,1.0
B09K7J96QV,high_carbon,title,1.0
B09K7J96QV,carbon_steel,title,1.0
B09K7J96QV,stainless,bullet_points_text,0.8
B06WP5B4VR,stainless,bullet_points_text,0.8
B0DLMM4FKQ,damascus,title,1.0
B0DLMM4FKQ,high_carbon,title,1.0
B0DLMM4FKQ,stainless,title,1.0
B0DLMM4FKQ,vg10,bullet_points_text,0.8
B0FNMXZVMH,damascus,title,1.0
B0D9QR9MZ4,stainless,title,1.0
B09S5SMGBJ,high_carbon,title,1.0
B09S5SMGBJ,stainless,title,1.0
B09S5SMGBJ,x50crmov15,bullet_points_text,0.8
B09NLLR8HV,damascus,bullet_points_text,0.8
B09NLLR8HV,high_carbon,bullet_points_text,0.8
B09NLLR8HV,stainless,bullet_points_text,0.8
B07XB21HD7,german_steel,title,1.0
B0FXWXC6KM,high_carbon,title,1.0
B0FXWXC6KM,carbon_steel,title,1.0
B0FXWXC6KM,stainless,title,1.0
B0CXJ94WM3,high_carbon,title,1.0
B0CXJ94WM3,carbon_steel,title,1.0
B0CLVMXH3Y,stainless,bullet_points_text,0.8
B0GJ3K1LH7,damascus,bullet_points_text,0.8
B0GJ3K1LH7,high_carbon,bullet_points_text,0.8
B0GJ3K1LH7,stainless,bullet_points_text,0.8
B07STD2G1C,stainless,title,1.0
B08VJLYQ5D,stainless,description_clean,0.6
B0FCY5NC6N,high_carbon,title,1.0
B0FCY5NC6N,carbon_steel,title,1.0
B0FCY5NC6N,stainless,bullet_points_text,0.8
B09YK8J9G6,high_carbon,bullet_points_text,0.8
B09YK8J9G6,stainless,bullet_points_text,0.8
B0C37F8XRD,high_carbon,bullet_points_text,0.8
B0C37F8XRD,stainless,bullet_points_text,0.8
B097992WN4,damascus,bullet_points_text,0.8
B097992WN4,stainless,bullet_points_text,0.8
B01MT566O0,vg10,title,1.0
B01MT566O0,damascus,title,1.0
B01MT566O0,high_carbon,title,1.0
B01MT566O0,stainless,title,1.0
B0CYP352KZ,high_carbon,title,1.0
B0CYP352KZ,carbon_steel,title,1.0
B0BYNVPZ23,high_carbon,bullet_points_text,0.8
B0BYNVPZ23,stainless,bullet_points_text,0.8
B0DSJ3GLNQ,high_carbon,title,1.0
B0DSJ3GLNQ,stainless,title,1.0
B0FWQZBC8N,damascus,bullet_points_text,0.8
B0FWQZBC8N,stainless,bullet_points_text,0.8
B07KC84X95,high_carbon,title,1.0
B07KC84X95,stainless,title,1.0
B07KC84X95,damascus,bullet_points_text,0.8
B0D9Y3LHHP,damascus,bullet_points_text,0.8
B0D9Y3LHHP,stainless,bullet_points_text,0.8
B0979618DB,stainless,bullet_points_text,0.8
B06XYSXS9F,stainless,title,1.0
B09SB3P9HP,stainless,bullet_points_text,0.8
B06XKYMXFN,stainless,description_clean,0.6
B09JPFSNVC,high_carbon,title,1.0
B09JPFSNVC,stainless,title,1.0
B01GL50U70,high_carbon,title,1.0
B01GL50U70,stainless,title,1.0
B01GL50U70,x50crmov15,bullet_points_text,0.8
B07VWJTN1W,damascus,title,1.0
B07VWJTN1W,vg10,bullet_points_text,0.8
B07VWJTN1W,stainless,bullet_points_text,0.8
B0BTLH8J6B,high_carbon,title,1.0
B0BTLH8J6B,stainless,title,1.0
B0DP6LBV7H,vg10,title,1.0
B0DP6LBV7H,damascus,title,1.0
B0F6L991NK,high_carbon,title,1.0
B0F6L991NK,stainless,title,1.0
B0CQ2KQFQ8,german_steel,title,1.0
B0CQ2KQFQ8,stainless,bullet_points_text,0.8
B007I1PLO4,stainless,bullet_points_text,0.8
B0F66FX734,german_steel,bullet_points_text,0.8
B0F4RB57PB,german_steel,title,1.0
B0F4RB57PB,damascus,bullet_points_text,0.8
B0F4RB57PB,high_carbon,bullet_points_text,0.8
B0F4RB57PB,stainless,bullet_points_text,0.8
B099WPXP54,high_carbon,title,1.0
B099WPXP54,stainless,title,1.0
B0D4DCRXW8,vg10,title,1.0
B0D4DCRXW8,damascus,title,1.0
B0D4DCRXW8,carbon_steel,bullet_points_text,0.8
B0FWQJ6S34,high_carbon,bullet_points_text,0.8
B0FWQJ6S34,stainless,bullet_points_text,0.8
B09S9TRHN5,stainless,bullet_points_text,0.8
B0DM9KC21C,damascus,bullet_points_text,0.8
B0DM9KC21C,high_carbon,bullet_points_text,0.8
B0DM9KC21C,stainless,bullet_points_text,0.8
B07XD39KRG,stainless,title,1.0
B07XD39KRG,high_carbon,bullet_points_text,0.8
B0G95BGKN7,high_carbon,title,1.0
B0G95BGKN7,carbon_steel,title,1.0
B0F23DWMK8,damascus,title,1.0
B0F23DWMK8,high_carbon,title,1.0
B0FWQYMLHG,damascus,bullet_points_text,0.8
B0FWQYMLHG,stainless,bullet_points_text,0.8
B09DSYHCTY,damascus,bullet_points_text,0.8
B09DSYHCTY,stainless,bullet_points_text,0.8
B0C6WYBQTH,high_carbon,title,1.0
B0C6WYBQTH,stainless,title,1.0
B0FM83SLTL,stainless,title,1.0
B07H6WGWMD,stainless,title,1.0
B0DQ8WWPGP,high_carbon,title,1.0
B0DQ8WWPGP,stainless,title,1.0
B01DUT3QSU,stainless,title,1.0
B0FQMJQM6Y,stainless,title,1.0
B0D149W1ZQ,damascus,title,1.0
B0D149W1ZQ,high_carbon,title,1.0
B0D149W1ZQ,carbon_steel,title,1.0
B0F18JYXG2,high_carbon,title,1.0
B0F18JYXG2,stainless,title,1.0
B0FXGRC4PH,high_carbon,title,1.0
B0FXGRC4PH,stainless,title,1.0
B0CNZ97KND,high_carbon,title,1.0
B0CNZ97KND,stainless,title,1.0
B0006MM4RE,high_carbon,bullet_points_text,0.8
B0DNSWRZV7,stainless,title,1.0
B0FWYKP87T,high_carbon,title,1.0
B0FWYKP87T,stainless,title,1.0
B0FQN4YMF1,high_carbon,title,1.0
B0FQN4YMF1,stainless,title,1.0
B0B6QDC7SQ,german_steel,title,1.0
B0B6QDC7SQ,x50crmov15,bullet_points_text,0.8
B0FCGDLDTH,high_carbon,title,1.0
B0FCGDLDTH,carbon_steel,title,1.0
B09QLTP7N6,high_carbon,title,1.0
B09QLTP7N6,stainless,title,1.0
B09QLTP7N6,damascus,bullet_points_text,0.8
B0D44Q9ZCL,high_carbon,title,1.0
B0D44Q9ZCL,carbon_steel,title,1.0
B073J61P62,stainless,title,1.0
B073J61P62,high_carbon,bullet_points_text,0.8
B0DT6G3SZM,high_carbon,title,1.0
B0DT6G3SZM,stainless,title,1.0
B07QHQXY9G,stainless,title,1.0
B07QHQXY9G,german_steel,bullet_points_text,0.8
B0FLXBXVWN,stainless,title,1.0
B0DM1QVV37,high_carbon,title,1.0
B0DM1QVV37,stainless,title,1.0
B0CFXNZ26Z,stainless,title,1.0
B0F3X9GF9J,high_carbon,title,1.0
B0F3X9GF9J,carbon_steel,bullet_points_text,0.8
B0FQJ4DT9Q,stainless,title,1.0
B08YMKNDNY,stainless,title,1.0
B0DZJ7T45L,aus10,title,1.0
B0DZJ7T45L,high_carbon,title,1.0
B0DZJ7T45L,stainless,title,1.0
B0DZJ7T45L,carbon_steel,bullet_points_text,0.8
B0F734G1ML,high_carbon,title,1.0
B0F734G1ML,stainless,title,1.0
B0F332XQS4,high_carbon,title,1.0
B0F332XQS4,stainless,title,1.0
B0DLXK9PHN,stainless,title,1.0
B0BQC3LSTH,high_carbon,title,1.0
B0BQC3LSTH,stainless,title,1.0
B0D58K9X77,german_steel,title,1.0
B0D58K9X77,high_carbon,title,1.0
B0CP5QXC1H,high_carbon,title,1.0
B0CP5QXC1H,stainless,title,1.0
B0FDWWLQJM,stainless,bullet_points_text,0.8
B09WW6VGHX,stainless,title,1.0
B09WW6VGHX,high_carbon,bullet_points_text,0.8
B071S6FYPV,stainless,title,1.0
B0F4X1P12D,x50crmov15,title,1.0
B0F4X1P12D,german_steel,title,1.0
B0F4X1P12D,high_carbon,title,1.0
B0F4X1P12D,stainless,bullet_points_text,0.8
B0FXG4SS9N,german_steel,title,1.0
B0FXG4SS9N,carbon_steel,bullet_points_text,0.8
B0FXG4SS9N,stainless,bullet_points_text,0.8
B07JB658KV,high_carbon,title,1.0
B07JB658KV,stainless,title,1.0
B09Y159535,damascus,title,1.0
B09Y159535,vg10,bullet_points_text,0.8
B0BWYH3D6G,high_carbon,title,1.0
B0BWYH3D6G,stainless,title,1.0
B0CDB1F42P,high_carbon,title,1.0
B0CDB1F42P,stainless,title,1.0
B0CDB1F42P,carbon_steel,bullet_points_text,0.8
B0C61SJWDD,high_carbon,title,1.0
B0C61SJWDD,carbon_steel,title,1.0
B0C61SJWDD,stainless,bullet_points_text,0.8
B0FY68P8PN,high_carbon,title,1.0
B0FY68P8PN,stainless,title,1.0
B0DFZG4CR3,high_carbon,title,1.0
B0DFZG4CR3,stainless,title,1.0
B0FCKGK5R6,stainless,bullet_points_text,0.8
B0CYV7S6ZH,stainless,title,1.0
B0F4J7D8TG,stainless,title,1.0
B0DQ264PDV,german_steel,bullet_points_text,0.8
B0DQ264PDV,stainless,description_clean,0.6
B000MP79QG,stainless,title,1.0
B000MP79QG,high_carbon,description_clean,0.6
B0DH3K1KK5,high_carbon,title,1.0
B0DH3K1KK5,stainless,title,1.0
B0D8JM4HJM,high_carbon,title,1.0
B0D8JM4HJM,stainless,title,1.0
B083NPV1H3,high_carbon,title,1.0
B083NPV1H3,stainless,title,1.0
B0DWSWPZ5Y,high_carbon,title,1.0
B0DWSWPZ5Y,stainless,title,1.0
B0C4YQDZ58,stainless,title,1.0
B0C4YQDZ58,high_carbon,bullet_points_text,0.8
B0DLKDH43D,stainless,bullet_points_text,0.8
B09Z6JXZR8,carbon_steel,title,1.0
B09Z6JXZR8,high_carbon,bullet_points_text,0.8
B09G6QX21B,stainless,title,1.0
B09G6QX21B,high_carbon,bullet_points_text,0.8
B08HZC6G87,stainless,title,1.0
B095PG6S8F,high_carbon,title,1.0
B095PG6S8F,stainless,title,1.0
B095PG6S8F,damascus,bullet_points_text,0.8
B0D45BB9JC,stainless,title,1.0
B0F3KWZQ61,high_carbon,title,1.0
B0F3KWZQ61,stainless,title,1.0
B0F3KWZQ61,carbon_steel,bullet_points_text,0.8
B0CCV7SFQZ,damascus,title,1.0
B0CCV7SFQZ,high_carbon,title,1.0
B0CCV7SFQZ,stainless,title,1.0
B0CCV7SFQZ,x50crmov15,bullet_points_text,0.8
B0CCV7SFQZ,carbon_steel,bullet_points_text,0.8
B0C36WLZNB,high_carbon,title,1.0
B0C36WLZNB,carbon_steel,title,1.0
B0F5WP3TGT,stainless,title,1.0
B0F5WP3TGT,high_carbon,description_clean,0.6
B072B81PLD,high_carbon,title,1.0
B072B81PLD,stainless,title,1.0
B0BFQLRHTJ,stainless,title,1.0
B0BFQLRHTJ,damascus,bullet_points_text,0.8
B01B3GARVG,stainless,bullet_points_text,0.8
B0DLH58TSK,high_carbon,title,1.0
B0DLH58TSK,stainless,title,1.0
B09KTLNZFH,stainless,title,1.0
B0FJF65WFZ,high_carbon,title,1.0
B0FJF65WFZ,stainless,title,1.0
B0FLXXDHTH,stainless,title,1.0
B0FLXXDHTH,carbon_steel,bullet_points_text,0.8
B0CSFG6GL3,high_carbon,title,1.0
B0CSFG6GL3,stainless,title,1.0
B0CSFG6GL3,carbon_steel,bullet_points_text,0.8
B01JPUVQCQ,x50crmov15,bullet_points_text,0.8
B01JPUVQCQ,german_steel,bullet_points_text,0.8
B009CS63KW,stainless,description_clean,0.6
B0B6PKCXPL,high_carbon,title,1.0
B0B6PKCXPL,stainless,title,1.0
B0DK877JNQ,stainless,title,1.0
B0FKH7Q1ZN,high_carbon,title,1.0
B0FKH7Q1ZN,stainless,title,1.0
B0FP28Y6W5,high_carbon,title,1.0
B0FP28Y6W5,stainless,title,1.0
B007HB2274,high_carbon,bullet_points_text,0.8
B0FNQV86F7,high_carbon,title,1.0
B0FNQV86F7,stainless,title,1.0
B0FNQV86F7,x50crmov15,bullet_points_text,0.8
B0DSP9ZJVG,stainless,title,1.0
B00004RFN0,stainless,description_clean,0.6
B0F38JCVQ6,high_carbon,title,1.0
B0F38JCVQ6,stainless,title,1.0
B0F9PSPTSC,stainless,title,1.0
B0F9PSPTSC,german_steel,bullet_points_text,0.8
B08JLG355F,d2,title,1.0
B08JLG355F,stainless,bullet_points_text,0.8
B09Q5Y461J,high_carbon,title,1.0
B09Q5Y461J,stainless,title,1.0
B0DCX5P4QQ,stainless,title,1.0
B09WGXN7XV,stainless,title,1.0
B09FP64L57,high_carbon,bullet_points_text,0.8
B09FP64L57,stainless,bullet_points_text,0.8
B0D5MLTGDG,stainless,title,1.0
B0DBVHF1FT,stainless,bullet_points_text,0.8
B0DBHLFR7S,stainless,title,1.0
B0CKZ1MJ7Y,high_carbon,title,1.0
B0CKZ1MJ7Y,stainless,title,1.0
B0CKZ1MJ7Y,carbon_steel,bullet_points_text,0.8
B0CDNYGWN5,stainless,title,1.0
B08JCV2PF6,d2,title,1.0
B08JCV2PF6,stainless,bullet_points_text,0.8
B0FCS63GVJ,stainless,title,1.0
B0FCS63GVJ,high_carbon,description_clean,0.6
B0CGRYSD85,stainless,bullet_points_text,0.8
B0BLVB4VNC,german_steel,title,1.0
B0FP4LWWDD,high_carbon,title,1.0
B0FP4LWWDD,stainless,title,1.0
B07BK4YVB3,high_carbon,title,1.0
B07BK4YVB3,stainless,title,1.0
B07BK4YVB3,damascus,bullet_points_text,0.8
B0916H4ZSS,stainless,title,1.0
B0CCS4N5Y6,high_carbon,title,1.0
B0CCS4N5Y6,stainless,title,1.0
B0DFH18683,high_carbon,title,1.0
B0DFH18683,stainless,title,1.0
B0DPF66VGH,high_carbon,title,1.0
B0DPF66VGH,stainless,bullet_points_text,0.8
B07BZD6HFZ,stainless,title,1.0
B07BZD6HFZ,carbon_steel,bullet_points_text,0.8
B0DM1TBSV2,stainless,title,1.0
B0DM1TBSV2,high_carbon,bullet_points_text,0.8
B0D666F3ZT,high_carbon,title,1.0
B0D666F3ZT,stainless,title,1.0
B0D3LP4SX7,stainless,bullet_points_text,0.8
B0CGKM92PQ,german_steel,title,1.0
B0BFJJNVPP,stainless,bullet_points_text,0.8
B0F596KFF8,high_carbon,title,1.0
B0F596KFF8,stainless,title,1.0
B0CRYD2V9Z,damascus,title,1.0
B0D1MW2BMB,high_carbon,bullet_points_text,0.8
B0D1MW2BMB,stainless,bullet_points_text,0.8
B0BFR8TJVX,stainless,title,1.0
B0BFR8TJVX,high_carbon,bullet_points_text,0.8
B0CYGVBJJP,vg10,title,1.0
B0CYGVBJJP,damascus,title,1.0
B0CYGVBJJP,stainless,title,1.0
B00FLQ4EE6,stainless,bullet_points_text,0.8
B0F674HM8P,high_carbon,title,1.0
B0F674HM8P,stainless,title,1.0
B0DPXSDG24,damascus,title,1.0
B0DPXSDG24,stainless,description_clean,0.6
B0DLKJM5H1,stainless,title,1.0
B0DLKJM5H1,german_steel,bullet_points_text,0.8
B00629K3QY,stainless,bullet_points_text,0.8
B00629K3QY,high_carbon,description_clean,0.6
B0F2M3YXMY,high_carbon,title,1.0
B0F2M3YXMY,carbon_steel,title,1.0
B0F2M3YXMY,stainless,bullet_points_text,0.8
B0DQXNCHDX,high_carbon,title,1.0
B0DQXNCHDX,stainless,title,1.0
B0CSLZD91K,high_carbon,title,1.0
B0CSLZD91K,stainless,title,1.0
B0CSLZD91K,carbon_steel,bullet_points_text,0.8
B0CQP1LSHS,damascus,title,1.0
B0CQP1LSHS,high_carbon,bullet_points_text,0.8
B0CQP1LSHS,carbon_steel,bullet_points_text,0.8
B00DAYTSEM,stainless,title,1.0
B0DGWMNZJP,high_carbon,title,1.0
B0DGWMNZJP,stainless,title,1.0
B0CJ4X88K2,damascus,title,1.0
B0CJ4X88K2,high_carbon,title,1.0
B0CJ4X88K2,carbon_steel,title,1.0
B0BGLQW3MT,german_steel,title,1.0
B0BGLQW3MT,high_carbon,title,1.0
B0BGLQW3MT,stainless,bullet_points_text,0.8
B0C4T1PBM6,high_carbon,title,1.0
B0C4T1PBM6,stainless,title,1.0
B074FD5XHK,german_steel,title,1.0
B074FD5XHK,x50crmov15,bullet_points_text,0.8
B0D946LJ39,stainless,title,1.0
B0DMVBD475,high_carbon,title,1.0
B0DMVBD475,stainless,title,1.0
B0DMVBD475,damascus,bullet_points_text,0.8
B0DS63QLYG,stainless,title,1.0
B0DS2GFCPG,high_carbon,title,1.0
B0DS2GFCPG,carbon_steel,title,1.0
B0F9JZV55F,stainless,bullet_points_text,0.8
B0C3TQ56CR,stainless,title,1.0
B086PDSJ49,carbon_steel,title,1.0
B086PDSJ49,high_carbon,bullet_points_text,0.8
B086PDSJ49,stainless,bullet_points_text,0.8
B0FNC9LVLQ,stainless,bullet_points_text,0.8
B0FLYHKQG8,stainless,title,1.0
B07ZMKC5S9,damascus,title,1.0
B07ZMKC5S9,high_carbon,title,1.0
B07ZMKC5S9,stainless,title,1.0
B07ZMKC5S9,vg10,bullet_points_text,0.8
B07ZMKC5S9,carbon_steel,bullet_points_text,0.8
B0BW91HX7D,stainless,title,1.0
B0B8Z7TQD1,high_carbon,title,1.0
B0B8Z7TQD1,stainless,title,1.0
B0DDKQ9B7K,stainless,title,1.0
B0DDKQ9B7K,high_carbon,bullet_points_text,0.8
B0C13WZR6K,high_carbon,title,1.0
B0C13WZR6K,carbon_steel,title,1.0
B09GBBMTNS,stainless,title,1.0
B0D4MMGCDQ,carbon_steel,title,1.0
B0D4MMGCDQ,stainless,bullet_points_text,0.8
B0C1YBPJ43,stainless,title,1.0
B0FCBVHD6D,high_carbon,title,1.0
B0FCBVHD6D,stainless,title,1.0
B086TLTHNZ,stainless,bullet_points_text,0.8
B0D8VX9NN9,stainless,title,1.0
B0DB5GWLL4,high_carbon,title,1.0
B0DB5GWLL4,stainless,title,1.0
B0CQLRDK5Y,high_carbon,title,1.0
B0CQLRDK5Y,carbon_steel,title,1.0
B09C919JXR,stainless,title,1.0
B0DBVFM1P9,stainless,title,1.0
B0F1XPMZVR,high_carbon,title,1.0
B0F1XPMZVR,stainless,title,1.0
B0BJ2Y7212,german_steel,title,1.0
B0BJ2Y7212,x50crmov15,bullet_points_text,0.8
B0BJ2Y7212,stainless,bullet_points_text,0.8
B0DJ71XWCZ,stainless,title,1.0
B0028LVP8U,stainless,bullet_points_text,0.8
B0DGTC4LDV,stainless,bullet_points_text,0.8
B09RTGH1CZ,stainless,description_clean,0.6
B098YPVMSK,stainless,title,1.0
B098YPVMSK,high_carbon,bullet_points_text,0.8
B0B41Z8Q9B,stainless,title,1.0
B0BKH3TKKZ,high_carbon,title,1.0
B0BKH3TKKZ,stainless,title,1.0
B0CYNVKF7N,german_steel,title,1.0
B0CYNVKF7N,high_carbon,title,1.0
B0CYNVKF7N,x50crmov15,bullet_points_text,0.8
B0CYNVKF7N,stainless,bullet_points_text,0.8
B0B4D8KNM8,stainless,title,1.0
B0D5MNGXFD,stainless,title,1.0
B0FMKFTGDJ,damascus,title,1.0
B0FMKFTGDJ,stainless,bullet_points_text,0.8
B08LL7J1P3,damascus,title,1.0
B08LL7J1P3,vg10,bullet_points_text,0.8
B00N9HWFLS,stainless,bullet_points_text,0.8
B0DYSJWY1X,stainless,bullet_points_text,0.8
B0FNR69Y2D,stainless,title,1.0
B07CKN631X,stainless,description_clean,0.6
B0DGBDPKDB,stainless,title,1.0
B0FL25YQ5J,high_carbon,title,1.0
B0FL25YQ5J,stainless,title,1.0
B0D44D5RZX,high_carbon,title,1.0
B0D44D5RZX,stainless,title,1.0
B0FHQ2S63C,high_carbon,title,1.0
B0FHQ2S63C,stainless,title,1.0
B0FHQ2S63C,damascus,bullet_points_text,0.8
B0CYNCD8ZR,german_steel,title,1.0
B0CYNCD8ZR,high_carbon,title,1.0
B0CYNCD8ZR,x50crmov15,bullet_points_text,0.8
B0CYNCD8ZR,stainless,bullet_points_text,0.8
B0CS36TCF8,high_carbon,title,1.0
B0CS36TCF8,stainless,title,1.0
B09Y91CSXD,high_carbon,title,1.0
B09Y91CSXD,carbon_steel,title,1.0
B0FY2TH4YM,damascus,title,1.0
B0FY2TH4YM,german_steel,bullet_points_text,0.8
B0C8498R24,carbon_steel,title,1.0
B0C8498R24,high_carbon,bullet_points_text,0.8
B0FCLHN2PJ,stainless,title,1.0
B0F32V5H6J,high_carbon,title,1.0
B0F32V5H6J,stainless,title,1.0
B073RSLMQZ,stainless,title,1.0
B0CN3KPCT1,stainless,title,1.0
B091MKV91D,stainless,bullet_points_text,0.8
B0BXNXC6N4,stainless,title,1.0
B0BXNXC6N4,high_carbon,bullet_points_text,0.8
B0D2HYQZGC,high_carbon,title,1.0
B0D2HYQZGC,carbon_steel,bullet_points_text,0.8
B0D2HYQZGC,stainless,bullet_points_text,0.8
B074T6C4YS,stainless,title,1.0
B074T6C4YS,high_carbon,bullet_points_text,0.8
B0D4B55VXJ,stainless,title,1.0
B0D4B55VXJ,german_steel,bullet_points_text,0.8
B0DK8R44GD,stainless,bullet_points_text,0.8
B0CXY2LNJY,damascus,title,1.0
B0CXY2LNJY,high_carbon,title,1.0
B0CXY2LNJY,stainless,title,1.0
B00C0N782I,stainless,title,1.0
B00C0N782I,german_steel,bullet_points_text,0.8
B00C0N782I,high_carbon,bullet_points_text,0.8
B09MVWT85R,high_carbon,title,1.0
B09MVWT85R,stainless,title,1.0
B0FSRWLLFB,stainless,title,1.0
B0FSRWLLFB,high_carbon,bullet_points_text,0.8
B09GG9G6XS,stainless,title,1.0
B09GG9G6XS,high_carbon,bullet_points_text,0.8
B0FL1M7TPX,stainless,bullet_points_text,0.8
B003AUUD9U,stainless,bullet_points_text,0.8
B0CMGJBW6S,stainless,title,1.0
B0C9LP36Q5,high_carbon,title,1.0
B0C9LP36Q5,stainless,title,1.0
B0F9PVTKS3,stainless,title,1.0
B0865TNBKC,stainless,bullet_points_text,0.8
B0028LXDQ2,stainless,bullet_points_text,0.8
B07H7RZ35X,stainless,title,1.0
B0DRS7927P,aus10,title,1.0
B0DRS7927P,high_carbon,title,1.0
B0DRS7927P,carbon_steel,title,1.0
B0F9SM29R5,stainless,title,1.0
B0F1T3CRTF,high_carbon,title,1.0
B0F1T3CRTF,stainless,title,1.0
B0FFB3XYJQ,high_carbon,title,1.0
B0FFB3XYJQ,carbon_steel,title,1.0
B0DFCK3FZ6,stainless,title,1.0
B0FX1D2TF6,high_carbon,title,1.0
B0FX1D2TF6,stainless,title,1.0
B08DDFW9BB,stainless,bullet_points_text,0.8
B07QG2L8F1,high_carbon,title,1.0
B07QG2L8F1,carbon_steel,title,1.0
B0DYP24DHR,high_carbon,title,1.0
B0DYP24DHR,stainless,title,1.0
B08DJ7BS81,stainless,title,1.0
B0FFMJXW66,stainless,title,1.0
B0DGL99D84,powder_steel,title,1.0
B0DGL99D84,high_carbon,title,1.0
B0DGL99D84,damascus,bullet_points_text,0.8
B0DGL99D84,carbon_steel,bullet_points_text,0.8
B0CF183C4S,high_carbon,bullet_points_text,0.8
B0CF183C4S,carbon_steel,bullet_points_text,0.8
B08GPBSC61,stainless,title,1.0
B0FM85S1VX,high_carbon,title,1.0
B0FM85S1VX,carbon_steel,title,1.0
B0DT71D3KV,high_carbon,title,1.0
B0DT71D3KV,stainless,title,1.0
B07FPG9NVL,stainless,bullet_points_text,0.8
B07FPG9NVL,high_carbon,description_clean,0.6
B0B3DK79KK,stainless,title,1.0
B0B3DK79KK,high_carbon,bullet_points_text,0.8
B097GXM3HG,high_carbon,title,1.0
B097GXM3HG,stainless,title,1.0
B097GXM3HG,german_steel,bullet_points_text,0.8
B07HGRSC74,stainless,title,1.0
B0F9WMG8VG,stainless,title,1.0
B09SBQP6C4,stainless,title,1.0
B0FZRXW3K2,stainless,title,1.0
B0FZRXW3K2,high_carbon,bullet_points_text,0.8
B09KT6YX71,stainless,title,1.0
B09WNFY6GW,german_steel,title,1.0
B0D5MJKC1T,stainless,title,1.0
B08FVCDNW1,stainless,title,1.0
B08FVCDNW1,german_steel,bullet_points_text,0.8
B09XTVYY5G,stainless,title,1.0
B09XTVYY5G,german_steel,bullet_points_text,0.8
B09XTVYY5G,high_carbon,bullet_points_text,0.8
B0CG69W9R9,stainless,title,1.0
B0CG69W9R9,x50crmov15,bullet_points_text,0.8
B0CG69W9R9,high_carbon,bullet_points_text,0.8
B0DQ7ZHH31,high_carbon,title,1.0
B0DQ7ZHH31,stainless,title,1.0
B077G3QP39,stainless,bullet_points_text,0.8
B0DGTCRYT2,high_carbon,bullet_points_text,0.8
B0DGTCRYT2,carbon_steel,bullet_points_text,0.8
B0DGTCRYT2,stainless,bullet_points_text,0.8
B0D5X4GRCG,high_carbon,title,1.0
B0D5X4GRCG,stainless,title,1.0
B0DPVKZZ1Q,stainless,title,1.0
B0CX1SRB66,stainless,title,1.0
B0CX1SRB66,x50crmov15,bullet_points_text,0.8
B0CX1SRB66,damascus,bullet_points_text,0.8
B0CX1SRB66,high_carbon,bullet_points_text,0.8
B0F1XDZY82,stainless,title,1.0
B0F1XDZY82,high_carbon,bullet_points_text,0.8
B0F8ZJPX89,stainless,title,1.0
B0BY9N8B33,high_carbon,title,1.0
B0BY9N8B33,stainless,title,1.0
B0DRGDQJL5,high_carbon,title,1.0
B0DRGDQJL5,carbon_steel,title,1.0
B0DRGDQJL5,stainless,title,1.0
B0D9KYN8XH,high_carbon,title,1.0
B0D9KYN8XH,stainless,title,1.0
B0FY2P71J5,stainless,bullet_points_text,0.8
B0B3DM77BQ,high_carbon,title,1.0
B0B3DM77BQ,stainless,title,1.0
B0BVXQG121,stainless,title,1.0
B089SQ3CG2,stainless,title,1.0
B01DUT3QQW,stainless,title,1.0
B0DHLVCRQ9,stainless,bullet_points_text,0.8
B00714PXOG,stainless,bullet_points_text,0.8
B0F9KPDCB2,high_carbon,title,1.0
B0F9KPDCB2,stainless,title,1.0
B00GIBK06E,stainless,bullet_points_text,0.8
B0F72WYX9R,high_carbon,title,1.0
B0F72WYX9R,stainless,title,1.0
B0F72WYX9R,german_steel,bullet_points_text,0.8
B0D41MKGZ5,powder_steel,title,1.0
B0D41MKGZ5,high_carbon,title,1.0
B0D41MKGZ5,carbon_steel,title,1.0
B0D41MKGZ5,damascus,bullet_points_text,0.8
B0CSXWXWFW,high_carbon,title,1.0
B0CSXWXWFW,stainless,title,1.0
B0CB159CM2,stainless,title,1.0
B0CB159CM2,high_carbon,bullet_points_text,0.8
B01BW4BWRC,german_steel,title,1.0
B01BW4BWRC,x50crmov15,bullet_points_text,0.8
B09YYN551Z,german_steel,title,1.0
B09YYN551Z,high_carbon,title,1.0
B09YYN551Z,carbon_steel,bullet_points_text,0.8
B09YYN551Z,stainless,bullet_points_text,0.8
B0C1BQTQKL,high_carbon,title,1.0
B0C1BQTQKL,stainless,title,1.0
B0CZ72CNRV,high_carbon,title,1.0
B0CZ72CNRV,stainless,title,1.0
B0CZ72CNRV,carbon_steel,bullet_points_text,0.8
B0FF925BQL,high_carbon,title,1.0
B0FF925BQL,stainless,title,1.0
B0F9FCYKJZ,high_carbon,title,1.0
B0F9FCYKJZ,stainless,title,1.0
B0B2VS8TDH,440c,title,1.0
B0B2VS8TDH,stainless,title,1.0
B0B2VS8TDH,high_carbon,bullet_points_text,0.8
B0CVQXSN17,high_carbon,title,1.0
B0CVQXSN17,stainless,title,1.0
B09DQ9FSBB,high_carbon,title,1.0
B09DQ9FSBB,stainless,title,1.0
B09DQ9FSBB,aus10,bullet_points_text,0.8
B07HGTGN3K,stainless,title,1.0
B07HGTGN3K,high_carbon,bullet_points_text,0.8
B07PT5MT1H,stainless,title,1.0
B07RTH8LM7,stainless,title,1.0
B0FHKS71B4,stainless,title,1.0
B0FHKS71B4,x50crmov15,bullet_points_text,0.8
B0DTWWS6LD,stainless,title,1.0
B0BFX1CQVH,stainless,bullet_points_text,0.8
B0DC9NDHVN,high_carbon,title,1.0
B0DC9NDHVN,stainless,title,1.0
B0CNCN28PX,high_carbon,title,1.0
B0CNCN28PX,stainless,title,1.0
B0CF1ZX18N,damascus,title,1.0
B0CF1ZX18N,vg10,bullet_points_text,0.8
B0FG2S91V1,high_carbon,title,1.0
B0FG2S91V1,stainless,title,1.0
B0FG2S91V1,german_steel,bullet_points_text,0.8
B0B9CKRF1Z,stainless,title,1.0
B0DSBJYGHR,high_carbon,title,1.0
B0DSBJYGHR,stainless,title,1.0
B0CH12X12D,aus10,title,1.0
B0CH12X12D,damascus,title,1.0
B0BG8SPHTD,stainless,title,1.0
B0DK87WJ39,stainless,bullet_points_text,0.8
B0FP5MTLP7,stainless,title,1.0
B00V871QBG,high_carbon,bullet_points_text,0.8
B00V871QBG,carbon_steel,bullet_points_text,0.8
B08FJB3BT2,carbon_steel,bullet_points_text,0.8
B0D8KYP2YG,high_carbon,bullet_points_text,0.8
B0D8KYP2YG,stainless,bullet_points_text,0.8
B09SZ1LC36,high_carbon,title,1.0
B09SZ1LC36,stainless,title,1.0
B07GH3KQS5,stainless,title,1.0
B0D6BM4PDD,high_carbon,title,1.0
B0D6BM4PDD,stainless,title,1.0
B0B5DPM2XX,high_carbon,title,1.0
B0B5DPM2XX,stainless,title,1.0
B0B5DPM2XX,carbon_steel,bullet_points_text,0.8
B0D2CVPV8K,stainless,title,1.0
B0D1CGLWNX,high_carbon,title,1.0
B0D1CGLWNX,stainless,title,1.0
B0CMFBMBD7,german_steel,title,1.0
B0CMFBMBD7,stainless,title,1.0
B0CMFBMBD7,x50crmov15,bullet_points_text,0.8
B000N5BUWY,high_carbon,bullet_points_text,0.8
B09H3BFS6M,stainless,title,1.0
B0F1FY2HQY,high_carbon,title,1.0
B0F1FY2HQY,stainless,title,1.0
B0CWP6367T,stainless,title,1.0
B0FVRRZGZX,high_carbon,title,1.0
B0FVRRZGZX,stainless,title,1.0
B0FVRRZGZX,powder_steel,bullet_points_text,0.8
B0FVRRZGZX,carbon_steel,bullet_points_text,0.8
B0C4BC9ZKW,german_steel,title,1.0
B0C4BC9ZKW,x50crmov15,bullet_points_text,0.8
B0FF8PN8G9,high_carbon,title,1.0
B0FF8PN8G9,stainless,title,1.0
B00R3Z49G6,high_carbon,title,1.0
B00R3Z49G6,stainless,title,1.0
B0FN3BKD2S,high_carbon,title,1.0
B0FN3BKD2S,stainless,title,1.0
B0FP4P5BQT,stainless,title,1.0
B0FMH2Q911,damascus,title,1.0
B0FMH2Q911,stainless,bullet_points_text,0.8
B0CRGVPK86,high_carbon,title,1.0
B0CRGVPK86,stainless,title,1.0
B0FX3S3LP1,high_carbon,title,1.0
B0FX3S3LP1,stainless,title,1.0
B07KC949P2,high_carbon,title,1.0
B07KC949P2,stainless,title,1.0
B07KC949P2,damascus,bullet_points_text,0.8
B08SBF774C,high_carbon,title,1.0
B08SBF774C,stainless,title,1.0
B0FXG82C8S,high_carbon,title,1.0
B0FXG82C8S,stainless,title,1.0
B08YXRRTHV,vg10,title,1.0
B08YXRRTHV,damascus,title,1.0
B08YXRRTHV,high_carbon,title,1.0
B08YXRRTHV,stainless,title,1.0
B0CFYBSSB5,damascus,title,1.0
B0CFYBSSB5,vg10,bullet_points_text,0.8
B0CFYBSSB5,stainless,bullet_points_text,0.8
B0BB1B45SR,vg10,title,1.0
B0BB1B45SR,damascus,title,1.0
B0D1Y5M4RL,high_carbon,title,1.0
B0D1Y5M4RL,stainless,title,1.0
B0DNQYN6TY,german_steel,title,1.0
B0DNQYN6TY,stainless,bullet_points_text,0.8
B0DGGV93PR,damascus,title,1.0
B0DGGV93PR,high_carbon,title,1.0
B0DGGV93PR,carbon_steel,bullet_points_text,0.8
B091F7LK55,stainless,title,1.0
B091F7LK55,high_carbon,bullet_points_text,0.8
B07XQN2T36,stainless,title,1.0
B0CG6BVDQC,high_carbon,title,1.0
B0CG6BVDQC,stainless,title,1.0
B0CWPCGCX2,high_carbon,title,1.0
B0CWPCGCX2,stainless,title,1.0
B0CWPCGCX2,x50crmov15,bullet_points_text,0.8
B09NW1J2NW,stainless,title,1.0
B09NW1J2NW,german_steel,bullet_points_text,0.8
B0DGGCS6ZB,stainless,title,1.0
B0DGGCS6ZB,high_carbon,bullet_points_text,0.8
B0CN3MJPJQ,stainless,title,1.0
B0DP9TF9ZB,powder_steel,title,1.0
B0DP9TF9ZB,high_carbon,title,1.0
B0DP9TF9ZB,carbon_steel,title,1.0
B0D98FCMGP,high_carbon,title,1.0
B0D98FCMGP,carbon_steel,title,1.0
B0D22R6RXB,high_carbon,title,1.0
B0D22R6RXB,stainless,title,1.0
B0FJGDF1CS,stainless,bullet_points_text,0.8
B0FR39RVYS,stainless,title,1.0
B0DFPS1TCV,stainless,title,1.0
B0D2DFP5KG,high_carbon,title,1.0
B0D2DFP5KG,stainless,title,1.0
B0CSK1LNS1,high_carbon,title,1.0
B0CSK1LNS1,stainless,title,1.0
B0FQ4YPVKC,high_carbon,title,1.0
B0FQ4YPVKC,stainless,title,1.0
B09XTZXF39,high_carbon,title,1.0
B09XTZXF39,stainless,title,1.0
B09XTZXF39,damascus,bullet_points_text,0.8
B0DM9DC9ZW,stainless,title,1.0
B0DM9DC9ZW,high_carbon,bullet_points_text,0.8
B0C9RB4KZD,vg10,title,1.0
B0C9RB4KZD,damascus,title,1.0
B0DHKV296C,stainless,title,1.0
B0DHKV296C,high_carbon,bullet_points_text,0.8
B0DZ5X35RZ,high_carbon,title,1.0
B0DZ5X35RZ,stainless,title,1.0
B0DZ5X35RZ,x50crmov15,bullet_points_text,0.8
B0CC3JW4D3,high_carbon,title,1.0
B0CC3JW4D3,stainless,title,1.0
B0CC3JW4D3,carbon_steel,bullet_points_text,0.8
B0D8G2QVQ2,stainless,title,1.0
B000L17BQ4,high_carbon,title,1.0
B000L17BQ4,stainless,title,1.0
B09DK23PM1,high_carbon,title,1.0
B09DK23PM1,stainless,title,1.0
B005116W4G,high_carbon,title,1.0
B005116W4G,stainless,title,1.0
B0028LVP7Q,stainless,bullet_points_text,0.8
B00629K4B8,stainless,bullet_points_text,0.8
B088KHCNKS,stainless,title,1.0
B0D41LZ8YT,powder_steel,title,1.0
B0D41LZ8YT,high_carbon,title,1.0
B0D41LZ8YT,damascus,bullet_points_text,0.8
B0CWRCCFTM,stainless,bullet_points_text,0.8
B0C77YHGY9,high_carbon,bullet_points_text,0.8
B0C77YHGY9,carbon_steel,bullet_points_text,0.8
B0BFWF1PKF,stainless,title,1.0
B0CCJ3FCCW,high_carbon,title,1.0
B0CCJ3FCCW,carbon_steel,title,1.0
B0CCJ3FCCW,stainless,bullet_points_text,0.8
B0F8VDDW8F,stainless,title,1.0
B0D7QCZVZR,high_carbon,title,1.0
B0D7QCZVZR,stainless,title,1.0
B08ZQPCYTQ,stainless,title,1.0
B08BCFRNXN,damascus,title,1.0
B08BCFRNXN,stainless,title,1.0
B08BCFRNXN,high_carbon,bullet_points_text,0.8
B0FXMCV6NC,high_carbon,title,1.0
B0FXMCV6NC,stainless,title,1.0
B0DDXL1BFD,damascus,title,1.0
B086L5JB2K,high_carbon,title,1.0
B086L5JB2K,carbon_steel,bullet_points_text,0.8
B086L5JB2K,stainless,bullet_points_text,0.8
B0DKMKXTMM,high_carbon,title,1.0
B0DKMKXTMM,stainless,title,1.0
B0C65XF3HN,high_carbon,title,1.0
B0C65XF3HN,carbon_steel,title,1.0
B0DKMH6QMP,high_carbon,title,1.0
B0DKMH6QMP,stainless,title,1.0
B0D944SYMB,stainless,title,1.0
B0D2X9NPY3,stainless,title,1.0
B0CD7FMZ67,high_carbon,title,1.0
B0CD7FMZ67,stainless,title,1.0
B0BFH6ZWWB,stainless,title,1.0
B0BFH6ZWWB,high_carbon,bullet_points_text,0.8
B08KSKCDX4,stainless,title,1.0
B08CD3XNRL,stainless,title,1.0
B0DNR2JTX8,stainless,bullet_points_text,0.8
B0B62H439B,high_carbon,title,1.0
B0B62H439B,stainless,title,1.0
B0FCD8J1FV,stainless,title,1.0
B0DKMF9N4S,high_carbon,title,1.0
B0DKMF9N4S,stainless,title,1.0
B09SZ26VKV,high_carbon,title,1.0
B09SZ26VKV,stainless,title,1.0
B0CKXSGV8F,stainless,title,1.0
B0CKXSGV8F,german_steel,bullet_points_text,0.8
B0F3XBL19G,carbon_steel,bullet_points_text,0.8
B0F4D2PCSG,stainless,title,1.0
B0F4D2PCSG,german_steel,bullet_points_text,0.8
B0DNJVFJGS,stainless,title,1.0
B0DNJVFJGS,high_carbon,bullet_points_text,0.8
B0DZHL47FD,stainless,title,1.0
B0DZHL47FD,high_carbon,bullet_points_text,0.8
B0DP4C28T2,stainless,title,1.0
B01DDBJF12,stainless,bullet_points_text,0.8
B0FJ1M2J1S,stainless,title,1.0
B0FP2B3RFG,high_carbon,title,1.0
B0FP2B3RFG,stainless,title,1.0
B0F9Y8SSD7,high_carbon,bullet_points_text,0.8
B0F9Y8SSD7,carbon_steel,bullet_points_text,0.8
B0G6WCCXXM,stainless,title,1.0
B0DQYB15NG,stainless,title,1.0
B0F9KV3KXZ,high_carbon,title,1.0
B0F9KV3KXZ,stainless,title,1.0
B0B3XL63RG,stainless,title,1.0
B0B3XL63RG,high_carbon,bullet_points_text,0.8
B0B3XL63RG,carbon_steel,bullet_points_text,0.8
B0GD6Q5JRJ,high_carbon,title,1.0
B0GD6Q5JRJ,stainless,title,1.0
B0DPZM3T9W,stainless,title,1.0
B0DPZM3T9W,carbon_steel,bullet_points_text,0.8
B0019BL6ZC,high_carbon,bullet_points_text,0.8
B0F4D4YXKF,stainless,title,1.0
B0F4D4YXKF,german_steel,bullet_points_text,0.8
B0CXV6PRZP,stainless,bullet_points_text,0.8
B0C27DQDHD,high_carbon,title,1.0
B0C27DQDHD,carbon_steel,title,1.0
B0FR4LSKPQ,stainless,title,1.0
B0FR4LSKPQ,high_carbon,bullet_points_text,0.8
B0FR4LSKPQ,carbon_steel,bullet_points_text,0.8
B0DFW8YTK6,carbon_steel,bullet_points_text,0.8
B0DFW8YTK6,stainless,bullet_points_text,0.8
B0FQBQM676,high_carbon,title,1.0
B0FQBQM676,stainless,title,1.0
B0BS49P3Q9,german_steel,title,1.0
B0BS49P3Q9,x50crmov15,bullet_points_text,0.8
B0DM2KVB77,high_carbon,title,1.0
B0DM2KVB77,stainless,title,1.0
B0DYP3J5BW,stainless,title,1.0
B0FFSXPHZC,stainless,title,1.0
B0B5WMW2YN,high_carbon,title,1.0
B0B5WMW2YN,stainless,title,1.0
B0DGQLGFW7,high_carbon,title,1.0
B0DGQLGFW7,stainless,title,1.0
B0DGQLGFW7,german_steel,bullet_points_text,0.8
B0D7HFN6RY,german_steel,title,1.0
B0D7HFN6RY,high_carbon,title,1.0
B0FQBRVYKL,high_carbon,title,1.0
B0FQBRVYKL,stainless,title,1.0
B08FP28KRT,stainless,title,1.0
B08FP28KRT,high_carbon,bullet_points_text,0.8
B0F43VSXFN,high_carbon,title,1.0
B0F43VSXFN,stainless,title,1.0
B0D41P3HKS,stainless,title,1.0
B0C9JVQ2RB,vg10,title,1.0
B0C9JVQ2RB,damascus,title,1.0
B0FFS8C592,stainless,title,1.0
B0FFS8C592,german_steel,bullet_points_text,0.8
B07L8QTX4C,german_steel,title,1.0
B07L8QTX4C,high_carbon,title,1.0
B09B7WRM8P,stainless,title,1.0
B0FKRQSSG8,high_carbon,title,1.0
B0FKRQSSG8,carbon_steel,title,1.0
B0FKRQSSG8,x50crmov15,bullet_points_text,0.8
B0FKRQSSG8,german_steel,bullet_points_text,0.8
B0DHX4KL9F,damascus,title,1.0
B0DHX4KL9F,stainless,title,1.0
B0DHX4KL9F,high_carbon,bullet_points_text,0.8
B08FB6TGN4,german_steel,title,1.0
B08FB6TGN4,stainless,bullet_points_text,0.8
B0BJB6MHTQ,stainless,title,1.0
B0BJB6MHTQ,high_carbon,bullet_points_text,0.8
B0CL4FRXL3,stainless,title,1.0
B0CL4FRXL3,damascus,bullet_points_text,0.8
B0BV5PYV67,high_carbon,title,1.0
B0BV5PYV67,stainless,title,1.0
B0FN3NJ8JT,high_carbon,title,1.0
B0FN3NJ8JT,stainless,title,1.0
B0F9KVH8JK,stainless,bullet_points_text,0.8
B0CSYKLLJ5,high_carbon,title,1.0
B0CSYKLLJ5,stainless,title,1.0
B0CYV3WZ3L,stainless,title,1.0
B0C6QKW4SM,stainless,title,1.0
B0DS2231P6,stainless,title,1.0
B0FX2R2HYD,stainless,bullet_points_text,0.8
B0FJKZGF9P,powder_steel,title,1.0
B0FJKZGF9P,damascus,bullet_points_text,0.8
B0FJKZGF9P,stainless,bullet_points_text,0.8
B0BZQL5HJF,stainless,title,1.0
B0BZQL5HJF,carbon_steel,description_clean,0.6
B0FPFP76B3,high_carbon,title,1.0
B0FPFP76B3,stainless,title,1.0
B07BJZ8WSP,vg10,title,1.0
B07BJZ8WSP,damascus,title,1.0
B07BJZ8WSP,stainless,bullet_points_text,0.8
B09HCX9BTV,stainless,title,1.0
B0FHH525HX,high_carbon,title,1.0
B0FHH525HX,stainless,title,1.0
B0FHH525HX,german_steel,bullet_points_text,0.8
B0FKW5ZDJK,high_carbon,title,1.0
B0FKW5ZDJK,stainless,title,1.0
B07CWG761K,stainless,bullet_points_text,0.8
B0CN2WR336,vg10,title,1.0
B0CN2WR336,damascus,title,1.0
B0DGGLRDZP,high_carbon,title,1.0
B0DGGLRDZP,carbon_steel,title,1.0
B09RTDPM5T,stainless,description_clean,0.6
B0FV8KV1K7,stainless,title,1.0
B0FV8KV1K7,damascus,bullet_points_text,0.8
B0FV8KV1K7,german_steel,bullet_points_text,0.8
B0D5QTFZVJ,high_carbon,title,1.0
B0D5QTFZVJ,carbon_steel,title,1.0
B0D9B96TBX,stainless,title,1.0
B004OC1PQI,stainless,title,1.0
B0F5W992LB,stainless,title,1.0
B09RTDZ14W,stainless,description_clean,0.6
B0CN6KZF47,high_carbon,title,1.0
B0CN6KZF47,stainless,title,1.0
B07X1XMGVX,high_carbon,title,1.0
B07X1XMGVX,stainless,title,1.0
B07PPD7931,high_carbon,title,1.0
B07PPD7931,stainless,title,1.0
B07PPD7931,carbon_steel,bullet_points_text,0.8
B0FZJ3L1SB,high_carbon,title,1.0
B0FZJ3L1SB,stainless,title,1.0
B003UERCR2,stainless,bullet_points_text,0.8
B003UERCR2,high_carbon,description_clean,0.6
B0DPZ6B2SZ,high_carbon,title,1.0
B0DPZ6B2SZ,carbon_steel,title,1.0
B07Q1FFC65,high_carbon,title,1.0
B07Q1FFC65,stainless,title,1.0
B07Q1FFC65,damascus,bullet_points_text,0.8
B097C3ZS9X,stainless,title,1.0
B0DPGRS6JY,high_carbon,title,1.0
B0DPGRS6JY,stainless,title,1.0
B0FZC8HXSQ,stainless,title,1.0
B0CZ2G8112,stainless,bullet_points_text,0.8
B0CDMK4WX4,stainless,title,1.0
B0CDMK4WX4,german_steel,bullet_points_text,0.8
B0DPMWVQX1,stainless,title,1.0
B0DPMWVQX1,high_carbon,bullet_points_text,0.8
B0B41YBLF7,high_carbon,title,1.0
B0B41YBLF7,stainless,title,1.0
B074V3LZB5,stainless,title,1.0
B08FJDVTS2,stainless,title,1.0
B0C5KKM7T8,german_steel,title,1.0
B0C5KKM7T8,x50crmov15,bullet_points_text,0.8
B01ALYD1WI,high_carbon,title,1.0
B01ALYD1WI,stainless,title,1.0
B000RKS1YK,high_carbon,bullet_points_text,0.8
B007RWD11Y,stainless,title,1.0
B007RWD11Y,high_carbon,bullet_points_text,0.8
B0C2Z331TX,german_steel,title,1.0
B0C2Z331TX,high_carbon,title,1.0
B0C2Z331TX,stainless,bullet_points_text,0.8
B0CGXJ1F9W,stainless,title,1.0
B0B974GRLY,stainless,title,1.0
B09Q5KPFXM,high_carbon,title,1.0
B09Q5KPFXM,stainless,title,1.0
B0D9JBVST5,carbon_steel,bullet_points_text,0.8
B0D9JBVST5,stainless,bullet_points_text,0.8
B09BQWMZ45,high_carbon,title,1.0
B09BQWMZ45,stainless,title,1.0
B0BW9239PC,stainless,title,1.0
B0FMG2Z3TZ,stainless,title,1.0
B0FXGVVN4N,stainless,bullet_points_text,0.8
B0DF71RVQZ,high_carbon,title,1.0
B0DF71RVQZ,stainless,title,1.0
B0CV4B6Y7C,german_steel,title,1.0
B0F8N649LZ,high_carbon,title,1.0
B0F8N649LZ,stainless,title,1.0
B0DG8W5G6C,carbon_steel,bullet_points_text,0.8
B0B4N5SFBP,stainless,title,1.0
B0B4N5SFBP,high_carbon,bullet_points_text,0.8
B083RGV4R1,stainless,title,1.0
B0D4CWNSHC,vg10,title,1.0
B0D4CWNSHC,damascus,title,1.0
B0D4CWNSHC,carbon_steel,bullet_points_text,0.8
B0DKPD61BQ,high_carbon,title,1.0
B0DKPD61BQ,carbon_steel,title,1.0
B0DF56YGN8,high_carbon,title,1.0
B0DF56YGN8,stainless,title,1.0
B0D7W3SYMR,high_carbon,title,1.0
B0D7W3SYMR,stainless,title,1.0
B0D7W3SYMR,german_steel,bullet_points_text,0.8
B08CK2HHZY,german_steel,title,1.0
B08CK2HHZY,high_carbon,title,1.0
B004E33WWM,stainless,title,1.0
B0DJ2BYTPM,high_carbon,title,1.0
B0DJ2BYTPM,stainless,title,1.0
B0DJ2BYTPM,damascus,bullet_points_text,0.8
B0FC6BDKFG,stainless,title,1.0
B0DMQXYRHP,stainless,bullet_points_text,0.8
B0BW4Y6B95,stainless,title,1.0
B0F2M4MWTQ,carbon_steel,title,1.0
B0CTGWJJM9,stainless,title,1.0
B0D735X3T3,high_carbon,title,1.0
B0D735X3T3,stainless,title,1.0
B00GHX5HGG,stainless,description_clean,0.6
B0773S2V6R,x50crmov15,bullet_points_text,0.8
B0773S2V6R,german_steel,bullet_points_text,0.8
B0DK11DSK5,high_carbon,title,1.0
B0DK11DSK5,stainless,title,1.0
B00R3Z3ZF2,stainless,title,1.0
B00R3Z3ZF2,high_carbon,bullet_points_text,0.8
B0F6YC3DHZ,high_carbon,title,1.0
B0F6YC3DHZ,carbon_steel,title,1.0
B083Y587M4,stainless,title,1.0
B0CL96FX6Q,stainless,title,1.0
B0CL96FX6Q,german_steel,bullet_points_text,0.8
B0D2RKM464,high_carbon,title,1.0
B0D2RKM464,carbon_steel,title,1.0
B0D2H4BGFQ,stainless,title,1.0
B0DHR9WPQN,stainless,title,1.0
B0F2TBYJ5H,stainless,title,1.0
B0D2HNGPGV,high_carbon,title,1.0
B0D2HNGPGV,stainless,title,1.0
B0CC44FJ2X,high_carbon,title,1.0
B0CC44FJ2X,stainless,title,1.0
B0CC44FJ2X,carbon_steel,bullet_points_text,0.8
B0BFH5D4LQ,stainless,title,1.0
B0BNJWWR3S,high_carbon,title,1.0
B0BNJWWR3S,stainless,title,1.0
B0029XAAQ0,stainless,bullet_points_text,0.8
B0FQV4TYYL,high_carbon,title,1.0
B0FQV4TYYL,stainless,title,1.0
B0D1Y4J72B,stainless,title,1.0
B0FL1KV4YQ,stainless,bullet_points_text,0.8
B0CCSF72QW,high_carbon,title,1.0
B0CCSF72QW,stainless,title,1.0
B0D519XN4R,high_carbon,title,1.0
B0D519XN4R,stainless,title,1.0
B0FP5FN15M,stainless,title,1.0
B0DJXSGWG6,high_carbon,title,1.0
B0DJXSGWG6,stainless,title,1.0
B09PVB1HYR,vg10,title,1.0
B09PVB1HYR,damascus,title,1.0
B0BCVZGPVM,high_carbon,bullet_points_text,0.8
B0BCVZGPVM,carbon_steel,bullet_points_text,0.8
B0CZSRC6CL,vg10,title,1.0
B0CZSRC6CL,stainless,bullet_points_text,0.8
B08VJLHSXD,stainless,description_clean,0.6
B0DNQKM1FT,german_steel,title,1.0
B0DNQKM1FT,stainless,bullet_points_text,0.8
B0FJD9WNCP,stainless,title,1.0
B0FJD9WNCP,high_carbon,bullet_points_text,0.8
B003B66YKA,damascus,title,1.0
B003B66YKA,stainless,title,1.0
B0DRGDP5ZF,stainless,title,1.0
B0DRGDP5ZF,high_carbon,bullet_points_text,0.8
B0DRGDP5ZF,carbon_steel,bullet_points_text,0.8
B0FJL5DNSJ,stainless,bullet_points_text,0.8
B0DB7VSY2R,high_carbon,title,1.0
B0DB7VSY2R,carbon_steel,title,1.0
B0DB7VSY2R,stainless,title,1.0
B09YQXJDX5,high_carbon,title,1.0
B09YQXJDX5,stainless,title,1.0
B0DZMT6CWD,damascus,title,1.0
B09B9Q8TMC,stainless,bullet_points_text,0.8
B0BGRZM4FN,high_carbon,title,1.0
B0BGRZM4FN,stainless,title,1.0
B0B8NCBW6M,stainless,title,1.0
B0C3CJ5TLX,high_carbon,title,1.0
B0C3CJ5TLX,carbon_steel,title,1.0
B0DGC7S79J,high_carbon,description_clean,0.6
B0DGC7S79J,carbon_steel,description_clean,0.6
B0FF1QKZY2,high_carbon,title,1.0
B0FF1QKZY2,carbon_steel,title,1.0
B0000Y7KNQ,damascus,bullet_points_text,0.8
B0000Y7KNQ,stainless,description_clean,0.6
B0D95HZM9K,damascus,title,1.0
B0D95HZM9K,vg10,bullet_points_text,0.8
B0D95HZM9K,high_carbon,bullet_points_text,0.8
B0D95HZM9K,carbon_steel,bullet_points_text,0.8
B0G2LWP743,damascus,title,1.0
B0G2LWP743,high_carbon,bullet_points_text,0.8
B0G2LWP743,stainless,bullet_points_text,0.8
B0D7VVNQBT,damascus,title,1.0
B0D7VVNQBT,high_carbon,title,1.0
B0D7VVNQBT,carbon_steel,title,1.0
B08DFSBW6J,stainless,title,1.0
B0CTK44HGN,vg10,title,1.0
B0CTK44HGN,damascus,title,1.0
B0CTK44HGN,carbon_steel,bullet_points_text,0.8
B0DM891RVR,high_carbon,title,1.0
B0DM891RVR,stainless,title,1.0
B0FGXRJ48T,high_carbon,title,1.0
B0FGXRJ48T,carbon_steel,title,1.0
B0FKB96RR6,damascus,title,1.0
B0FKB96RR6,carbon_steel,bullet_points_text,0.8
B0CZNJL11L,stainless,title,1.0
B0CZNJL11L,high_carbon,bullet_points_text,0.8
B0F47WJWP1,high_carbon,title,1.0
B0F47WJWP1,carbon_steel,title,1.0
B0F47WJWP1,stainless,bullet_points_text,0.8
B0171BTJ84,stainless,bullet_points_text,0.8
B07N61M2X5,stainless,description_clean,0.6
B0DBVDWCG1,high_carbon,title,1.0
B0DBVDWCG1,stainless,title,1.0
B0F1YPDH8G,damascus,title,1.0
B0F1YPDH8G,vg10,bullet_points_text,0.8
B099PKV4ZY,stainless,title,1.0
B0F93Y59S6,stainless,bullet_points_text,0.8
B0CCJ3J5SZ,stainless,title,1.0
B00BQ83BCE,vg10,bullet_points_text,0.8
B00BQ83BCE,stainless,bullet_points_text,0.8
B0FQJHY93V,high_carbon,title,1.0
B0FQJHY93V,stainless,title,1.0
B0DR1NKGDP,high_carbon,title,1.0
B0DR1NKGDP,stainless,title,1.0
B0F9XXZ3QV,high_carbon,title,1.0
B0F9XXZ3QV,stainless,title,1.0
B0F4R9ZJCC,stainless,title,1.0
B0F4R9ZJCC,carbon_steel,bullet_points_text,0.8
B0F47KMLB3,high_carbon,title,1.0
B0F47KMLB3,stainless,title,1.0
B00004RFMT,stainless,title,1.0
B071JV1GDP,damascus,title,1.0
B071JV1GDP,high_carbon,title,1.0
B071JV1GDP,carbon_steel,bullet_points_text,0.8
B0DKMPKPLX,german_steel,title,1.0
B0DKMPKPLX,stainless,bullet_points_text,0.8
B0DJVYVYCZ,stainless,title,1.0
B0DG9WB1WM,stainless,title,1.0
B0B3XRTGQR,vg10,title,1.0
B0B3XRTGQR,damascus,title,1.0
B0B3XRTGQR,stainless,bullet_points_text,0.8
B0DDKP1N8L,stainless,title,1.0
B0DDKP1N8L,high_carbon,bullet_points_text,0.8
B0CM3BT33D,damascus,title,1.0
B0CM3BT33D,stainless,bullet_points_text,0.8
B0DHS55XSF,german_steel,bullet_points_text,0.8
B0FGQ53GQ2,high_carbon,title,1.0
B0FGQ53GQ2,stainless,title,1.0
B09MLGKDZ7,high_carbon,title,1.0
B09MLGKDZ7,carbon_steel,title,1.0
B09MLGKDZ7,stainless,bullet_points_text,0.8
B0FWCCNF72,high_carbon,bullet_points_text,0.8
B0FWCCNF72,stainless,bullet_points_text,0.8
B09BBFBMFN,high_carbon,bullet_points_text,0.8
B09BBFBMFN,stainless,bullet_points_text,0.8
B0CBT2LYY9,german_steel,title,1.0
B0CBT2LYY9,stainless,bullet_points_text,0.8
B0G2M39ZQ6,stainless,bullet_points_text,0.8
B0C5D83X5C,440c,title,1.0
B0C5D83X5C,damascus,title,1.0
B0G2M2RT8Q,high_carbon,bullet_points_text,0.8
B0G2M2RT8Q,stainless,bullet_points_text,0.8
B0DGFZ4QT7,high_carbon,title,1.0
B0DGFZ4QT7,carbon_steel,title,1.0
B07GNHF45Z,high_carbon,title,1.0
B07GNHF45Z,stainless,title,1.0
B09VXRVF1Z,high_carbon,title,1.0
B09VXRVF1Z,carbon_steel,title,1.0
B09VXRVF1Z,stainless,bullet_points_text,0.8
B0D5L76CR5,high_carbon,title,1.0
B0D5L76CR5,stainless,title,1.0
B0FY6FCLJF,high_carbon,title,1.0
B0FY6FCLJF,stainless,title,1.0
B084GC1KQH,stainless,title,1.0
B09DQBF53R,aus10,title,1.0
B09DQBF53R,high_carbon,title,1.0
B09DQBF53R,stainless,title,1.0
B0D47GL9XS,440c,title,1.0
B0D47GL9XS,stainless,title,1.0
B0CGV8RLPY,high_carbon,title,1.0
B0CGV8RLPY,stainless,title,1.0
B07SZSGVXM,high_carbon,bullet_points_text,0.8
B07SZSGVXM,carbon_steel,bullet_points_text,0.8
B0DGL4YPPX,high_carbon,title,1.0
B0DGL4YPPX,stainless,title,1.0
B088M44548,high_carbon,title,1.0
B088M44548,stainless,title,1.0
B09GCGQKNZ,high_carbon,title,1.0
B09GCGQKNZ,stainless,title,1.0
B0FJDSBFPH,high_carbon,title,1.0
B0FJDSBFPH,stainless,title,1.0
B0DKM7J73G,high_carbon,title,1.0
B0DKM7J73G,stainless,title,1.0
B0CB6HXM86,german_steel,title,1.0
B0CZ8DS3C2,vg10,title,1.0
B0CZ8DS3C2,damascus,title,1.0
B0CZ8DS3C2,carbon_steel,bullet_points_text,0.8
B0DYNZK392,vg10,title,1.0
B0DYNZK392,damascus,title,1.0
B0DYNZK392,high_carbon,title,1.0
B0DYNZK392,stainless,title,1.0
B0G2M2ZK9P,high_carbon,bullet_points_text,0.8
B0G2M2ZK9P,carbon_steel,bullet_points_text,0.8
B0G2M2ZK9P,stainless,bullet_points_text,0.8
B0FMFHWYQ4,high_carbon,bullet_points_text,0.8
B0FMFHWYQ4,stainless,bullet_points_text,0.8
B00CEZL1OI,high_carbon,bullet_points_text,0.8
B00CEZL1OI,stainless,bullet_points_text,0.8
B0CTJ6TSXV,high_carbon,title,1.0
B0CTJ6TSXV,stainless,title,1.0
B0D3GX433F,high_carbon,title,1.0
B0D3GX433F,stainless,title,1.0
B0DJLK8TD2,high_carbon,bullet_points_text,0.8
B0DJLK8TD2,carbon_steel,bullet_points_text,0.8
B0FJRQ1HNX,stainless,title,1.0
B09BGSY58L,stainless,title,1.0
B082NW1WG3,high_carbon,title,1.0
B082NW1WG3,carbon_steel,title,1.0
B082NW1WG3,stainless,bullet_points_text,0.8
B0BZ158CJY,high_carbon,title,1.0
B0BZ158CJY,stainless,title,1.0
B097JHY771,high_carbon,title,1.0
B097JHY771,stainless,title,1.0
B0D5YCHVJJ,high_carbon,bullet_points_text,0.8
B0D5YCHVJJ,carbon_steel,bullet_points_text,0.8
B0DTH8ZP1W,damascus,title,1.0
B0DTH8ZP1W,stainless,title,1.0
B08N45T1F1,high_carbon,title,1.0
B08N45T1F1,stainless,title,1.0
B094NK5KG2,stainless,title,1.0
B094NK5KG2,high_carbon,bullet_points_text,0.8
B07YPY9Q6G,high_carbon,title,1.0
B0F9XX89GN,high_carbon,title,1.0
B0F9XX89GN,carbon_steel,title,1.0
B0F9XX89GN,stainless,bullet_points_text,0.8
B07KQ3GDBW,high_carbon,title,1.0
B07KQ3GDBW,stainless,title,1.0
B0009MGN3W,stainless,title,1.0
B0F98MJFRR,stainless,bullet_points_text,0.8
B0B656458S,high_carbon,bullet_points_text,0.8
B0B656458S,carbon_steel,bullet_points_text,0.8
B0B656458S,stainless,bullet_points_text,0.8
B0FM3217M3,stainless,title,1.0
B0FM3217M3,carbon_steel,bullet_points_text,0.8
B0D9LS46J5,vg10,title,1.0
B0D9LS46J5,damascus,title,1.0
B0D9LS46J5,high_carbon,title,1.0
B0D9LS46J5,stainless,title,1.0
B0D9LS46J5,carbon_steel,bullet_points_text,0.8
B0DFH166MK,aus8,bullet_points_text,0.8
B0F66QBCDW,high_carbon,title,1.0
B0F66QBCDW,stainless,title,1.0
B0FQV9D497,vg10,title,1.0
B0FQV9D497,damascus,title,1.0
B0C1BFMFLZ,high_carbon,title,1.0
B0C1BFMFLZ,stainless,title,1.0
B0C1BFMFLZ,damascus,bullet_points_text,0.8
B0C1BFMFLZ,carbon_steel,bullet_points_text,0.8
B0CJRQXTZ6,damascus,title,1.0
B0CJRQXTZ6,powder_steel,title,1.0
B0F1FCZDYD,carbon_steel,bullet_points_text,0.8
B0FX8D4RCC,stainless,title,1.0
B0CYC9CDT8,high_carbon,title,1.0
B0CYC9CDT8,carbon_steel,title,1.0
B0FJFH1YBD,440c,title,1.0
B0G367DW1L,damascus,title,1.0
B0G367DW1L,high_carbon,bullet_points_text,0.8
B0G367DW1L,stainless,bullet_points_text,0.8
B0DLKGFSRJ,stainless,title,1.0
B0DLKGFSRJ,german_steel,bullet_points_text,0.8
B0DDKPMVHX,stainless,title,1.0
B0FGXNGH5P,high_carbon,title,1.0
B0FGXNGH5P,carbon_steel,title,1.0
B07X4G5427,stainless,title,1.0
B07X4G5427,high_carbon,bullet_points_text,0.8
B0CGVG79PS,high_carbon,title,1.0
B0CGVG79PS,stainless,title,1.0
B0G2M7ZCRG,stainless,bullet_points_text,0.8
B0DRV79TZJ,high_carbon,title,1.0
B0DRV79TZJ,carbon_steel,title,1.0
B0DRV79TZJ,damascus,bullet_points_text,0.8
B0G2LW7GMB,high_carbon,bullet_points_text,0.8
B0G2LW7GMB,stainless,bullet_points_text,0.8
B0FC6KMLJW,high_carbon,title,1.0
B0FC6KMLJW,stainless,title,1.0
B07BN5MZBW,stainless,description_clean,0.6
B0C9QNK6HR,high_carbon,bullet_points_text,0.8
B0C9QNK6HR,stainless,bullet_points_text,0.8
B0DYNMSMRP,stainless,bullet_points_text,0.8
B0F6BLXH4Q,stainless,title,1.0
B0F6BLXH4Q,german_steel,bullet_points_text,0.8
B004LNGPXS,vg10,title,1.0
B004LNGPXS,damascus,title,1.0
B0FYFXX7GP,stainless,title,1.0
B0FYFXX7GP,carbon_steel,bullet_points_text,0.8
B0FKB92VRS,stainless,bullet_points_text,0.8
B0FNWWWM3R,damascus,title,1.0
B09521GB44,high_carbon,title,1.0
B09521GB44,carbon_steel,title,1.0
B085XYC5L5,high_carbon,bullet_points_text,0.8
B085XYC5L5,stainless,bullet_points_text,0.8
B0FR46S7XW,stainless,title,1.0
B0FBX4HGT3,high_carbon,title,1.0
B0FBX4HGT3,stainless,title,1.0
B091HDQRVN,stainless,title,1.0
B0F9XVDV1M,stainless,title,1.0
B0F9XVDV1M,carbon_steel,bullet_points_text,0.8
B000J1BI3I,high_carbon,bullet_points_text,0.8
B000J1BI3I,stainless,description_clean,0.6
B07BK2RSMR,high_carbon,title,1.0
B07BK2RSMR,carbon_steel,title,1.0
B0G2LYTHV7,stainless,bullet_points_text,0.8
B0DRJGDM69,german_steel,title,1.0
B0F99RSKXB,stainless,bullet_points_text,0.8
B0FLNDWFL8,high_carbon,bullet_points_text,0.8
B0FLNDWFL8,stainless,bullet_points_text,0.8
B0DGKMT54C,powder_steel,title,1.0
B0DGKMT54C,high_carbon,bullet_points_text,0.8
B0DGKMT54C,stainless,bullet_points_text,0.8
B0FR1NHMJQ,stainless,title,1.0
B0FR1NHMJQ,german_steel,bullet_points_text,0.8
B09YQY517H,high_carbon,title,1.0
B09YQY517H,stainless,title,1.0
B0FL1K7LJT,stainless,bullet_points_text,0.8
B0DGL3FDWX,powder_steel,title,1.0
B0DGL3FDWX,high_carbon,title,1.0
B0DGL3FDWX,damascus,bullet_points_text,0.8
B0DNF1F2HG,vg10,title,1.0
B0DNF1F2HG,damascus,title,1.0
B0C7G4NDN9,high_carbon,title,1.0
B0C7G4NDN9,stainless,title,1.0
B0CKYZ4LV3,high_carbon,title,1.0
B0CKYZ4LV3,stainless,title,1.0
B092BDZVM4,damascus,title,1.0
B092BDZVM4,stainless,bullet_points_text,0.8
B0FC6RG41K,high_carbon,title,1.0
B0FC6RG41K,carbon_steel,title,1.0
B09WMRJL4T,high_carbon,bullet_points_text,0.8
B09WMRJL4T,carbon_steel,bullet_points_text,0.8
B0CBTDQ28Z,damascus,title,1.0
B0CBTDQ28Z,high_carbon,bullet_points_text,0.8
B0FXMFSJC6,high_carbon,title,1.0
B0FXMFSJC6,stainless,title,1.0
B0FXMFSJC6,carbon_steel,bullet_points_text,0.8
B0B6FVNJQT,high_carbon,bullet_points_text,0.8
B0B6FVNJQT,carbon_steel,bullet_points_text,0.8
B0CL7H8FWZ,damascus,title,1.0
B0CL7H8FWZ,vg10,bullet_points_text,0.8
B0BFR5K1YF,high_carbon,title,1.0
B0BFR5K1YF,stainless,title,1.0
B098XQQN9Z,high_carbon,title,1.0
B098XQQN9Z,carbon_steel,title,1.0
B0D22W1B9B,high_carbon,title,1.0
B0D22W1B9B,stainless,title,1.0
B0DKXL2PMT,stainless,bullet_points_text,0.8
B0FY1HSXWQ,stainless,title,1.0
B0FHPRVY4L,high_carbon,title,1.0
B0FHPRVY4L,carbon_steel,bullet_points_text,0.8
B09JBQD9S3,vg10,title,1.0
B09JBQD9S3,damascus,title,1.0
B09JBQD9S3,high_carbon,title,1.0
B09JBQD9S3,stainless,title,1.0
B09JBQD9S3,carbon_steel,bullet_points_text,0.8
B0DP71655L,high_carbon,title,1.0
B0DP71655L,stainless,title,1.0
B0DQ7QVDKL,german_steel,title,1.0
B0DQ7QVDKL,high_carbon,title,1.0
B0DQ7QVDKL,damascus,bullet_points_text,0.8
B0DQ7QVDKL,stainless,bullet_points_text,0.8
B0DGFYMJTV,carbon_steel,bullet_points_text,0.8
B0G2M5ZZ3P,high_carbon,bullet_points_text,0.8
B0G2M5ZZ3P,stainless,bullet_points_text,0.8
B0F3J3ZHQX,damascus,title,1.0
B0F3J3ZHQX,high_carbon,title,1.0
B0F3J3ZHQX,stainless,title,1.0
B08WRHBBK1,aus10,title,1.0
B08WRHBBK1,high_carbon,title,1.0
B08WRHBBK1,stainless,title,1.0
B08WRHBBK1,carbon_steel,bullet_points_text,0.8
B0DX6SWZNL,high_carbon,title,1.0
B0DX6SWZNL,stainless,title,1.0
B0C9MPD7ZP,stainless,title,1.0
B0C3PXKWWS,high_carbon,title,1.0
B0C3PXKWWS,stainless,title,1.0
B0DM5HXXLF,stainless,title,1.0
B0DM5HXXLF,high_carbon,description_clean,0.6
B0CS2R3TRR,high_carbon,bullet_points_text,0.8
B0CS2R3TRR,carbon_steel,bullet_points_text,0.8
B0BDYMYRJ6,damascus,title,1.0
B0BDYMYRJ6,high_carbon,title,1.0
B0BDYMYRJ6,stainless,title,1.0
B0BDYMYRJ6,x50crmov15,bullet_points_text,0.8
B0BDYMYRJ6,carbon_steel,bullet_points_text,0.8
B0D986J58P,stainless,title,1.0
B0D8PB8NJJ,high_carbon,title,1.0
B0D8PB8NJJ,carbon_steel,title,1.0
B08WJS3KVB,german_steel,bullet_points_text,0.8
B08WJS3KVB,stainless,description_clean,0.6
B0DMDZ8QJK,high_carbon,bullet_points_text,0.8
B0DMDZ8QJK,stainless,bullet_points_text,0.8
B0FP4MRGJ2,stainless,title,1.0
B0C38X279D,high_carbon,title,1.0
B0C38X279D,carbon_steel,title,1.0
B0DP72QCN6,high_carbon,title,1.0
B0DP72QCN6,carbon_steel,title,1.0
B08KD27THM,stainless,title,1.0
B0FJXWCKJX,stainless,bullet_points_text,0.8
B00R20CZR2,stainless,title,1.0
B0FV8J9YT2,stainless,title,1.0
B0CN6MF86G,high_carbon,title,1.0
B0CN6MF86G,stainless,title,1.0
B08SWJYV7C,vg10,title,1.0
B08SWJYV7C,damascus,title,1.0
B08SWJYV7C,high_carbon,title,1.0
B08SWJYV7C,stainless,title,1.0
B0FLXSVQVC,high_carbon,title,1.0
B0FLXSVQVC,stainless,title,1.0
B0FLXSVQVC,carbon_steel,bullet_points_text,0.8
B0F53TN1NH,high_carbon,title,1.0
B0F53TN1NH,stainless,title,1.0
B0FWC99BT9,stainless,bullet_points_text,0.8
B0G2M1LTCH,stainless,bullet_points_text,0.8
B0C3CPTH9F,stainless,title,1.0
B0F1YRQXN3,damascus,title,1.0
B0F1YRQXN3,vg10,bullet_points_text,0.8
B0FK2914VM,damascus,title,1.0
B0FK2914VM,vg10,bullet_points_text,0.8
B0DPZQ94LC,damascus,title,1.0
B0DPZQ94LC,high_carbon,title,1.0
B0DPZQ94LC,vg10,bullet_points_text,0.8
B0DPZQ94LC,carbon_steel,bullet_points_text,0.8
B0DTH7M2DB,damascus,title,1.0
B0DTH7M2DB,stainless,title,1.0
B0BRC37Z7W,damascus,title,1.0
B0FRM53T6N,high_carbon,title,1.0
B0FRM53T6N,carbon_steel,title,1.0
B079GQJP39,stainless,title,1.0
B079GQJP39,german_steel,bullet_points_text,0.8
B0D9GKQGRF,high_carbon,title,1.0
B0D9GKQGRF,stainless,title,1.0
B0G2M2DZ9C,stainless,bullet_points_text,0.8
B0FL24KL7R,stainless,title,1.0
B099PK5N2N,stainless,title,1.0
B0G2LXVNP4,stainless,bullet_points_text,0.8
B0CDQBWRMV,damascus,title,1.0
B0G2M4RYHW,stainless,bullet_points_text,0.8
B078WM9N69,high_carbon,title,1.0
B078WM9N69,stainless,title,1.0
B0DXPQ88ZV,damascus,title,1.0
B0DCVB4LDP,high_carbon,title,1.0
B0DCVB4LDP,carbon_steel,title,1.0
B0FJX28MFC,stainless,title,1.0
B0FJX28MFC,high_carbon,bullet_points_text,0.8
B0F1FCKTJ7,vg10,title,1.0
B0F1FCKTJ7,damascus,title,1.0
