keyword_id,product_id,search_rank,is_sponsored,is_best_seller,is_amazon_choice
mccook knife,B0DKMF9N4S,2,1,0,0
mccook knife,B0FJ1M2J1S,3,1,0,0
mccook knife,B0F72WYX9R,5,1,0,0
mccook knife,B0D9KYN8XH,13,1,0,0
mccook knife,B095PG6S8F,14,1,0,0
mccook knife,B0DP9TF9ZB,20,1,0,0
mccook knife,B09SZ1LC36,21,1,0,0
mccook knife,B0F734G1ML,49,1,0,0
mccook knife,B0DSP9ZJVG,50,1,0,0
mccook knife,B0FV8KV1K7,51,1,0,0
mccook knife,B0D41MKGZ5,52,1,0,0
mccook knife,B0C6QKW4SM,60,1,0,0
mccook knife,B0FMH2Q911,62,1,0,0
mccook knife,B0D2HNGPGV,67,1,0,0
mccook knife,B08CK2HHZY,68,1,0,0
mccook knife,B0FHQ2S63C,69,1,0,0
mccook knife,B0FG2S91V1,70,1,0,0
mccook knife,B0DLXK9PHN,94,0,0,0
mccook knife,B0CCS4N5Y6,98,1,0,0
mccook knife,B0CYNCD8ZR,107,1,0,0
mccook knife,B0GD6Q5JRJ,117,1,0,0
mccook knife,B0DKMH6QMP,145,1,0,0
mccook knife,B0CJ4X88K2,147,1,0,0
mccook knife,B0FSRWLLFB,148,1,0,0
mccook knife,B0CXY2LNJY,155,1,0,0
mccook knife,B0DGQLGFW7,157,1,0,0
mccook knife,B0CV4B6Y7C,163,1,0,0
mccook knife set,B0FMG2Z3TZ,2,1,0,0
mccook knife set,B0FR39RVYS,4,1,0,0
mccook knife set,B0DKPD61BQ,14,1,0,0
mccook knife set,B0FN3NJ8JT,15,1,0,0
mccook knife set,B0FY2TH4YM,22,1,0,0
mccook knife set,B0BWYH3D6G,24,0,0,0
mccook knife set,B0FNC9LVLQ,51,1,0,0
mccook knife set,B0F8VDDW8F,68,1,0,0
mccook knife set,B0B41Z8Q9B,85,0,0,0
mccook knife set,B0FNR69Y2D,97,1,0,0
mccook knife set,B0FN3BKD2S,116,1,0,0
mccook knife set,B0CL4FRXL3,117,1,0,0
mccook knife set,B0DHX4KL9F,163,1,0,0
mccook knife set,B09MVWT85R,204,1,0,0
mccook knife set,B0FQBQM676,206,1,0,0
mccook knife set,B0F32V5H6J,211,1,0,0
mccook knife set,B0CDNYGWN5,213,1,0,0
mccook knife set,B08SBF774C,230,0,0,0
mccook kitchen knife,B0F1XDZY82,1,1,0,0
mccook kitchen knife,B0D4CWNSHC,12,1,0,0
mccook kitchen knife,B0B3DM77BQ,13,1,0,0
mccook kitchen knife,B0D41LZ8YT,21,1,0,0
mccook kitchen knife,B0DQ7ZHH31,29,1,0,0
mccook kitchen knife,B0C1BQTQKL,30,1,0,0
mccook kitchen knife,B0FJF65WFZ,36,0,0,0
mccook kitchen knife,B0CN6KZF47,52,1,0,0
mccook kitchen knife,B0D666F3ZT,61,1,0,0
mccook kitchen knife,B0D58K9X77,69,1,0,0
mccook kitchen knife,B0FP28Y6W5,108,1,0,0
mccook kitchen knife,B0FKRQSSG8,116,1,0,0
mccook kitchen knife,B0FNQV86F7,117,1,0,0
mccook kitchen knife,B0CS36TCF8,157,1,0,0
mccook kitchen knife,B00C0N782I,162,0,0,0
mccook kitchen knife,B08DDFW9BB,198,0,0,0
mccook kitchen knife,B0F2M4MWTQ,207,1,0,0
mccook knife set,B0FHH525HX,1,1,0,0
mccook knife set,B0GD6Q5JRJ,2,1,0,0
mccook knife set,B0DKMF9N4S,4,1,0,0
mccook knife set,B07QHQXY9G,5,1,0,0
mccook knife set,B07RTH8LM7,6,0,0,0
mccook knife set,B089SQ3CG2,7,0,0,0
mccook knife set,B073J61P62,8,0,0,0
mccook knife set,B09KTLNZFH,9,0,0,0
mccook knife set,B09KT6YX71,10,0,0,0
mccook knife set,B0DDKQ9B7K,11,0,0,0
mccook knife set,B0D2HYQZGC,12,1,0,0
mccook knife set,B0F734G1ML,13,1,0,0
mccook knife set,B0FMH2Q911,14,1,0,0
mccook knife set,B072B81PLD,16,0,0,0
mccook knife set,B0F9WMG8VG,17,0,0,0
mccook knife set,B007RWD11Y,18,0,0,0
mccook knife set,B083RGV4R1,19,0,0,0
mccook knife set,B0DS2231P6,20,1,0,0
mccook knife set,B0CCV7SFQZ,21,1,0,0
mccook knife set,B0CX1SRB66,22,1,0,0
mccook knife set,B097GXM3HG,23,0,0,0
mccook knife set,B07HGTGN3K,24,0,0,0
mccook knife set,B07BK4YVB3,25,0,0,0
mccook knife set,B09Y91CSXD,26,0,0,0
mccook knife set,B0DQ8WWPGP,27,0,0,0
mccook knife set,B0CKXSGV8F,28,0,0,0
mccook knife set,B0DYP3J5BW,29,0,0,0
mccook knife set,B0DQXNCHDX,30,0,0,0
mccook knife set,B0D2CVPV8K,33,0,0,0
mccook knife set,B0F18JYXG2,34,0,0,0
mccook knife set,B0DLKJM5H1,35,0,0,0
mccook knife set,B007HB2274,36,0,0,0
mccook knife set,B08FVCDNW1,37,0,0,0
mccook knife set,B0F9FCYKJZ,38,0,0,0
mccook knife set,B0FZJ3L1SB,39,0,0,0
mccook knife set,B0DBVHF1FT,40,0,0,0
mccook knife set,B0006MM4RE,41,0,0,0
mccook knife set,B0D946LJ39,42,0,0,0
mccook knife set,B0FC6BDKFG,43,0,0,0
mccook knife set,B000N5BUWY,44,0,0,0
mccook knife set,B0F8MLKJMT,45,0,0,0
mccook knife set,B0DNR2JTX8,46,0,0,0
mccook knife set,B000RKS1YK,47,0,0,0
mccook knife set,B088KHCNKS,48,0,0,0
mccook knife set,B0BLVB4VNC,49,0,0,0
mccook knife set,B0006NKY16,50,0,0,0
mccook knife set,B0F9KV3KXZ,51,0,0,0
mccook knife set,B0CP5QXC1H,52,0,0,0
mccook knife set,B0FQMJQM6Y,53,0,0,0
mccook knife set,B0FLXBXVWN,54,0,0,0
mccook knife set,B07Q1FFC65,55,0,0,0
mccook knife set,B0DHKV296C,56,0,0,0
mccook knife set,B0DT6G3SZM,57,0,0,0
mccook knife set,B0F9JZV55F,58,0,0,0
mccook knife set,B0DWSWPZ5Y,60,0,0,0
mccook knife set,B091F7LK55,53,0,0,0
mccook knife set,B0DFZG4CR3,64,0,0,0
mccook knife set,B0FXGRC4PH,69,0,0,0
mccook knife set,B0DB7Y69T4,73,0,0,0
mccook knife set,B0CL96FX6Q,76,0,0,0
mccook knife set,B0CYNVKF7N,95,0,0,0
mccook knife set,B0DGWMNZJP,99,0,0,0
mccook knife set,B0B41YBLF7,109,0,0,0
mccook knife set,B0D944SYMB,111,0,0,0
mccook knife set,B07XQN2T36,116,0,0,0
mccook knife set,B0DTWWS6LD,120,0,0,0
mccook knife set,B0DH3K1KK5,121,0,0,0
mccook knife set,B0DCX5P4QQ,122,0,0,0
mccook knife set,B0DLH58TSK,124,0,0,0
mccook knife set,B0BFH6ZWWB,126,0,0,0
mccook knife set,B0F5W992LB,130,0,0,0
mccook knife set,B0DPF66VGH,132,0,0,0
mccook knife set,B0CG6BVDQC,134,0,0,0
mccook knife set,B0FCD8J1FV,144,0,0,0
mccook knife set,B0B6PKCXPL,146,0,0,0
mccook knife set,B0DZ5X35RZ,148,0,0,0
mccook knife set,B0F4D2PCSG,149,0,0,0
mccook knife set,B0BV5PYV67,152,0,0,0
mccook knife set,B0C9RB4KZD,153,0,0,0
mccook knife set,B0F9KVH8JK,164,0,0,0
mccook knife set,B0F8ZJPX89,165,0,0,0
mccook knife set,B0FJGDF1CS,166,0,0,0
mccook knife set,B0FQBRVYKL,169,0,0,0
mccook knife set,B0FF925BQL,173,0,0,0
mccook knife set,B0DBHLFR7S,175,0,0,0
mccook knife set,B0C65XF3HN,176,0,0,0
mccook knife set,B0F43VSXFN,182,0,0,0
mccook knife set,B0F332XQS4,186,0,0,0
mccook knife set,B09WGXN7XV,188,0,0,0
mccook knife set,B0D41P3HKS,192,0,0,0
mccook knife set,B0CYCF1FCK,208,0,0,0
mccook knife set,B0DGGLRDZP,210,0,0,0
mccook knife set,B0DQ264PDV,215,0,0,0
mccook knife set,B0F9KPDCB2,219,0,0,0
mccook knife set,B0D8KYP2YG,220,0,0,0
mccook knife set,B0DKMKXTMM,225,0,0,0
mccook knife set,B09QLTP7N6,226,0,0,0
mccook knife set,B0BJB6MHTQ,228,0,0,0
mccook knife set,B09Z6JXZR8,232,0,0,0
mccook knife set,B08KSKCDX4,234,0,0,0
mccook knife set,B0FLYHKQG8,242,0,0,0
mccook knife set,B0G6WCCXXM,243,0,0,0
mccook kitchen knife,B09G6QX21B,3,0,0,0
mccook kitchen knife,B08FJDVTS2,4,0,0,0
mccook kitchen knife,B0D1Y4J72B,9,0,0,0
mccook kitchen knife,B0BFQLRHTJ,11,0,0,0
mccook kitchen knife,B09DK23PM1,12,0,0,0
mccook kitchen knife,B0BW91HX7D,17,0,0,0
mccook kitchen knife,B0FJ1M2J1S,26,0,0,0
mccook kitchen knife,B0D5X4GRCG,36,0,0,0
mccook kitchen knife,B08GPBSC61,38,0,0,0
mccook kitchen knife,B0DSBJYGHR,58,0,0,0
mccook kitchen knife,B0DP4C28T2,68,0,0,0
mccook kitchen knife,B0CWPCGCX2,69,0,0,0
mccook kitchen knife,B0BGLQW3MT,72,0,0,0
mccook kitchen knife,B0BFH5D4LQ,74,0,0,0
mccook kitchen knife,B0F9SM29R5,75,0,0,0
mccook kitchen knife,B0DT71D3KV,80,0,0,0
mccook kitchen knife,B0FCLHN2PJ,82,0,0,0
mccook kitchen knife,B09XTZXF39,86,0,0,0
mccook kitchen knife,B0DK11DSK5,87,0,0,0
mccook kitchen knife,B0FQ4YPVKC,90,0,0,0
mccook kitchen knife,B0CGKM92PQ,93,0,0,0
mccook kitchen knife,B0DJ71XWCZ,94,0,0,0
mccook kitchen knife,B0DFH18683,100,0,0,0
mccook kitchen knife,B00DAYTSEM,103,0,0,0
mccook kitchen knife,B0DFPBQ82Z,106,0,0,0
mccook kitchen knife,B0B2VS8TDH,107,0,0,0
mccook kitchen knife,B0F2M3YXMY,109,0,0,0
mccook kitchen knife,B0BZQL5HJF,112,0,0,0
mccook kitchen knife,B0DM9DC9ZW,120,0,0,0
mccook kitchen knife,B07L8QTX4C,130,0,0,0
mccook kitchen knife,B0DPZM3T9W,133,0,0,0
mccook kitchen knife,B0DNJVFJGS,134,0,0,0
mccook kitchen knife,B074FD5XHK,139,0,0,0
mccook kitchen knife,B0FFSXPHZC,144,0,0,0
mccook kitchen knife,B0DK8R44GD,148,0,0,0
mccook kitchen knife,B0F9PSPTSC,150,0,0,0
mccook kitchen knife,B083Y587M4,153,0,0,0
mccook kitchen knife,B09DQ9FSBB,161,0,0,0
mccook kitchen knife,B07JB658KV,162,0,0,0
mccook kitchen knife,B09C919JXR,163,0,0,0
mccook kitchen knife,B0DYP24DHR,166,0,0,0
mccook kitchen knife,B0FCBVHD6D,168,0,0,0
mccook kitchen knife,B09RTDZ14W,170,0,0,0
mccook kitchen knife,B0DS63QLYG,171,0,0,0
mccook kitchen knife,B0F8N649LZ,174,0,0,0
mccook kitchen knife,B0FP4P5BQT,181,0,0,0
mccook kitchen knife,B0DM1QVV37,182,0,0,0
mccook kitchen knife,B0FKH7Q1ZN,183,0,0,0
mccook kitchen knife,B0FP2B3RFG,184,0,0,0
mccook kitchen knife,B0DK87WJ39,186,0,0,0
mccook kitchen knife,B0FX1D2TF6,187,0,0,0
mccook kitchen knife,B0F9PVTKS3,189,0,0,0
mccook kitchen knife,B0FY2P71J5,191,0,0,0
mccook kitchen knife,B0FZC8HXSQ,196,0,0,0
mccook knife,B07RTH8LM7,1,0,0,0
mccook knife,B073J61P62,2,0,0,0
mccook knife,B089SQ3CG2,3,0,0,0
mccook knife,B09KTLNZFH,4,0,0,0
mccook knife,B0DDKQ9B7K,5,0,0,0
mccook knife,B09KT6YX71,6,0,0,0
mccook knife,B072B81PLD,7,0,0,0
mccook knife,B083RGV4R1,8,0,0,0
mccook knife,B07HGTGN3K,9,0,0,0
mccook knife,B097GXM3HG,10,0,0,0
mccook knife,B07BK4YVB3,11,0,0,0
mccook knife,B09Y91CSXD,12,0,0,0
mccook knife,B0D2CVPV8K,13,0,0,0
mccook knife,B0DQ8WWPGP,14,0,0,0
mccook knife,B0DQXNCHDX,15,0,0,0
mccook knife,B0FHH525HX,16,0,0,0
mccook knife,B0F9WMG8VG,17,0,0,0
mccook knife,B007RWD11Y,18,0,0,0
mccook knife,B0DYP3J5BW,19,0,0,0
mccook knife,B0F9FCYKJZ,20,0,0,0
mccook knife,B0CKXSGV8F,21,0,0,0
mccook knife,B0FZJ3L1SB,22,0,0,0
mccook knife,B0FC6BDKFG,23,0,0,0
mccook knife,B0F8MLKJMT,24,0,0,0
mccook knife,B007HB2274,25,0,0,0
mccook knife,B0DS2231P6,26,0,0,0
mccook knife,B08FVCDNW1,27,0,0,0
mccook knife,B0DNR2JTX8,28,0,0,0
mccook knife,B0006MM4RE,29,0,0,0
mccook knife,B0F18JYXG2,30,0,0,0
mccook knife,B0DLKJM5H1,31,0,0,0
mccook knife,B0F9KV3KXZ,32,0,0,0
mccook knife,B0006NKY16,33,0,0,0
mccook knife,B0D946LJ39,34,0,0,0
mccook knife,B0CP5QXC1H,35,0,0,0
mccook knife,B000N5BUWY,36,0,0,0
mccook knife,B000RKS1YK,37,0,0,0
mccook knife,B07KC949P2,38,0,0,0
mccook knife,B0D2HYQZGC,39,0,0,0
mccook knife,B07Q1FFC65,40,0,0,0
mccook knife,B0BLVB4VNC,41,0,0,0
mccook knife,B0DBVHF1FT,42,0,0,0
mccook knife,B000N5BV5K,43,0,0,0
mccook knife,B00DAYTSEM,44,0,0,0
mccook knife,B0F9JZV55F,45,0,0,0
mccook knife,B088KHCNKS,46,0,0,0
mccook knife,B0FQMJQM6Y,47,0,0,0
mccook knife,B0DHKV296C,48,0,0,0
mccook knife,B0DFZG4CR3,49,0,0,0
mccook knife,B0DWSWPZ5Y,50,0,0,0
mccook knife,B0CCV7SFQZ,51,0,0,0
mccook knife,B091F7LK55,52,0,0,0
mccook knife,B0FQ4YPVKC,53,0,0,0
mccook knife,B0D5X4GRCG,54,0,0,0
mccook knife,B083NPV1H3,55,0,0,0
mccook knife,B0DSBJYGHR,56,0,0,0
mccook knife,B0CYNVKF7N,57,0,0,0
mccook knife,B0DJ71XWCZ,58,0,0,0
mccook knife,B0FLXBXVWN,59,0,0,0
mccook knife,B0DT6G3SZM,60,0,0,0
mccook knife,B0DP4C28T2,61,0,0,0
mccook knife,B0FCD8J1FV,62,0,0,0
mccook knife,B0F8ZJPX89,63,0,0,0
mccook knife,B0CWPCGCX2,64,0,0,0
mccook knife,B0DGWMNZJP,65,0,0,0
mccook knife,B0CL96FX6Q,66,0,0,0
mccook knife,B0B41YBLF7,67,0,0,0
mccook knife,B0DH3K1KK5,68,0,0,0
mccook knife,B08GPBSC61,69,0,0,0
mccook knife,B0D149W1ZQ,70,0,0,0
mccook knife,B0DB7Y69T4,71,0,0,0
mccook knife,B0DZ5X35RZ,72,0,0,0
mccook knife,B0F43VSXFN,73,0,0,0
mccook knife,B0BV5PYV67,74,0,0,0
mccook knife,B07BJZ8WSP,75,0,0,0
mccook knife,B08YXRRTHV,76,0,0,0
mccook knife,B0F2M3YXMY,77,0,0,0
mccook knife,B07L8QTX4C,78,0,0,0
mccook knife,B0D44Q9ZCL,79,0,0,0
mccook knife,B0DPXSDG24,80,0,0,0
mccook knife,B0B6PKCXPL,81,0,0,0
mccook knife,B0DFH18683,82,0,0,0
mccook knife,B0F9SM29R5,83,0,0,0
mccook knife,B0DPZM3T9W,84,0,0,0
mccook knife,B0F3X9GF9J,85,0,0,0
mccook knife,B086L5JB2K,86,0,0,0
mccook knife,B0F4J7D8TG,87,0,0,0
mccook knife,B09XTZXF39,88,0,0,0
mccook knife,B0CGKM92PQ,89,0,0,0
mccook knife,B0DFPBQ82Z,90,0,0,0
mccook knife,B0F9KVH8JK,91,0,0,0
mccook knife,B0F9KPDCB2,92,0,0,0
mccook knife,B07H7RZ35X,93,0,0,0
mccook knife,B0DK11DSK5,94,0,0,0
mccook knife,B0DGFZ24QP,95,0,0,0
mccook knife,B0CMFBMBD7,96,0,0,0
mccook knife,B07JB658KV,97,0,0,0
mccook knife,B0DNJVFJGS,98,0,0,0
mccook knife,B0DM9DC9ZW,100,0,0,0
mccook knife,B0F5W992LB,101,0,0,0
mccook knife,B0DPF66VGH,102,0,0,0
mccook knife,B0DS63QLYG,103,0,0,0
mccook knife,B0BB1B45SR,104,0,0,0
mccook knife,B08BCFRNXN,105,0,0,0
mccook knife,B0DDXL1BFD,106,0,0,0
mccook knife,B0FCBVHD6D,107,0,0,0
mccook knife,B0DGGLRDZP,108,0,0,0
mccook knife,B0DT71D3KV,109,0,0,0
mccook knife,B0DK8R44GD,110,0,0,0
mccook knife,B0FP2B3RFG,111,0,0,0
mccook knife,B0DCX5P4QQ,112,0,0,0
mccook knife,B0B5DPM2XX,113,0,0,0
mccook knife,B0D5QTFZVJ,114,0,0,0
mccook knife,B0DPZ6B2SZ,115,0,0,0
mccook knife,B09C919JXR,116,0,0,0
mccook knife,B0F4D4YXKF,117,0,0,0
mccook knife,B0BGLQW3MT,118,0,0,0
mccook knife,B0DZJ7T45L,119,0,0,0
mccook knife,B0CG6BVDQC,120,0,0,0
mccook knife,B0B5WMW2YN,121,0,0,0
mccook knife,B07ZMKC5S9,122,0,0,0
mccook knife,B0BZQL5HJF,123,0,0,0
mccook knife,B0F8N649LZ,124,0,0,0
mccook knife,B0DBHLFR7S,125,0,0,0
mccook knife,B0CH12X12D,126,0,0,0
mccook knife,B0FQBRVYKL,127,0,0,0
mccook knife,B0DGGV93PR,128,0,0,0
mccook knife,B0CQLRDK5Y,129,0,0,0
mccook knife,B0D44D5RZX,130,0,0,0
mccook knife,B0F6YC3DHZ,131,0,0,0
mccook knife,B09Z6JXZR8,132,0,0,0
mccook knife,B0DYP24DHR,133,0,0,0
mccook knife,B0F9PVTKS3,134,0,0,0
mccook knife,B0DTWWS6LD,135,0,0,0
mccook knife,B0DM1QVV37,136,0,0,0
mccook knife,B0F332XQS4,137,0,0,0
mccook knife,B0CRYD2V9Z,138,0,0,0
mccook knife,B0DK87WJ39,139,0,0,0
mccook knife,B0C36WLZNB,140,0,0,0
mccook knife,B0FP4P5BQT,141,0,0,0
mccook knife,B0FY68P8PN,142,0,0,0
mccook knife,B0D8KYP2YG,143,0,0,0
mccook knife,B0DGTC4LDV,144,0,0,0
mccook knife,B0F9PSPTSC,145,0,0,0
mccook knife,B0DFW8YTK6,146,0,0,0
mccook knife,B0FY2P71J5,147,0,0,0
mccook knife,B08JCV2PF6,148,0,0,0
mccook knife,B0FX1D2TF6,149,0,0,0
mccook knife,B08JLG355F,150,0,0,0
mccook knife,B0G6WCCXXM,151,0,0,0
mccook knife,B0DQ264PDV,152,0,0,0
mccook knife,B0FLYHKQG8,153,0,0,0
mccook knife,B0FZC8HXSQ,154,0,0,0
mccook knife set,B09G6QX21B,2,0,0,0
mccook knife set,B09GBBMTNS,3,0,0,0
mccook knife set,B08FJDVTS2,5,0,0,0
mccook knife set,B00GHX5HGG,6,0,0,0
mccook knife set,B0BFQLRHTJ,9,0,0,0
mccook knife set,B0D9B96TBX,10,0,0,0
mccook knife set,B0D1Y4J72B,11,0,0,0
mccook knife set,B0FP4LWWDD,12,0,0,0
mccook knife set,B0FP5MTLP7,13,0,0,0
mccook knife set,B0FJ1M2J1S,14,0,0,0
mccook knife set,B0CXV6PRZP,15,0,0,0
mccook knife set,B0DZHL47FD,16,0,0,0
mccook knife set,B0FPFP76B3,17,0,0,0
mccook knife set,B0CWRCCFTM,18,0,0,0
mccook knife set,B0C1YBPJ43,19,0,0,0
mccook knife set,B0DYSJWY1X,20,0,0,0
mccook knife set,B0F2TBYJ5H,21,0,0,0
mccook knife set,B0916H4ZSS,22,0,0,0
mccook knife set,B0BW91HX7D,23,0,0,0
mccook knife set,B09HCX9BTV,27,0,0,0
mccook knife set,B0FFMJXW66,28,0,0,0
mccook knife set,B00FLQ4EE6,29,0,0,0
mccook knife set,B09DK23PM1,30,0,0,0
mccook knife set,B0C9LP36Q5,31,0,0,0
mccook knife set,B0CKZ1MJ7Y,34,0,0,0
mccook knife set,B0FXG82C8S,35,0,0,0
mccook knife set,B0BNJWWR3S,36,0,0,0
mccook knife set,B0B974GRLY,37,0,0,0
mccook knife set,B0C4T1PBM6,38,0,0,0
mccook knife set,B0BFR8TJVX,40,0,0,0
mccook knife set,B0FM83SLTL,42,0,0,0
mccook knife set,B09Q5KPFXM,43,0,0,0
mccook knife set,B0CJ4X88K2,44,0,0,0
mccook knife set,B0F1XPMZVR,45,0,0,0
mccook knife set,B0FLXXDHTH,46,0,0,0
mccook knife set,B0CFXNZ26Z,47,0,0,0
mccook knife set,B0CSYKLLJ5,50,0,0,0
mccook knife set,B0FCKGK5R6,51,0,0,0
mccook knife set,B07BZD6HFZ,52,0,0,0
mccook knife set,B07H6WGWMD,54,0,0,0
mccook knife set,B0CD7FMZ67,56,0,0,0
mccook knife set,B0DHR9WPQN,57,0,0,0
mccook knife set,B0B9SK369P,61,0,0,0
mccook knife set,B0DGL99D84,62,0,0,0
mccook knife set,B0CN3KPCT1,63,0,0,0
mccook knife set,B009CS63KW,64,0,0,0
mccook knife set,B01ALYD1WI,65,0,0,0
mccook knife set,B0BVXQG121,66,0,0,0
mccook knife set,B00CLALZTM,69,0,0,0
mccook knife set,B0D7W3SYMR,71,0,0,0
mccook knife set,B00R3Z49G6,72,0,0,0
mccook knife set,B0F674HM8P,73,0,0,0
mccook knife set,B0DPMWVQX1,75,0,0,0
mccook knife set,B0D22R6RXB,76,0,0,0
mccook knife set,B098YPVMSK,77,0,0,0
mccook knife set,B0FDWWLQJM,78,0,0,0
mccook knife set,B0FL25YQ5J,80,0,0,0
mccook knife set,B09H3BFS6M,81,0,0,0
mccook knife set,B097C3ZS9X,82,0,0,0
mccook knife set,B0CSXWXWFW,83,0,0,0
mccook knife set,B0FQJ4DT9Q,85,0,0,0
mccook knife set,B0DNSWRZV7,86,0,0,0
mccook knife set,B0FQV4TYYL,88,0,0,0
mccook knife set,B0DBVFM1P9,89,0,0,0
mccook knife set,B0DLXK9PHN,90,0,0,0
mccook knife set,B0D2DFP5KG,91,0,0,0
mccook knife set,B0F3XBL19G,92,0,0,0
mccook knife set,B0029XAAQ0,93,0,0,0
mccook knife set,B08FB6TGN4,94,0,0,0
mccook knife set,B0FFB3XYJQ,95,0,0,0
mccook knife set,B01DUT3QSU,97,0,0,0
mccook knife set,B0DLKDH43D,98,0,0,0
mccook knife set,B0FHKS71B4,99,0,0,0
mccook knife set,B09B7WRM8P,100,0,0,0
mccook knife set,B09Q5Y461J,101,0,0,0
mccook knife set,B00N9HWFLS,102,0,0,0
mccook knife set,B0BXNXC6N4,103,0,0,0
mccook knife set,B0F3KWZQ61,104,0,0,0
mccook knife set,B09XTVYY5G,105,0,0,0
mccook knife set,B004E33WWM,107,0,0,0
mccook knife set,B0FVRRZGZX,108,0,0,0
mccook knife set,B0DFP565XX,109,0,0,0
mccook knife set,B0C3TQ56CR,111,0,0,0
mccook knife set,B0B3XL63RG,112,0,0,0
mccook knife set,B0FFSXPHZC,114,0,0,0
mccook knife set,B0CG69W9R9,115,0,0,0
mccook knife set,B01B3GARVG,117,0,0,0
mccook knife set,B0CZ2G8112,118,0,0,0
mccook knife set,B0D4MMGCDQ,119,0,0,0
mccook knife set,B0D98FCMGP,121,0,0,0
mccook knife set,B0FFS8C592,122,0,0,0
mccook knife set,B0DGGCS6ZB,123,0,0,0
mccook knife set,B0F1T3CRTF,124,0,0,0
mccook knife set,B0BW4Y6B95,125,0,0,0
mccook knife set,B0FJKZGF9P,126,0,0,0
mccook knife set,B0D1CGLWNX,127,0,0,0
mccook knife set,B0FX2R2HYD,129,0,0,0
mccook knife set,B0D3LP4SX7,130,0,0,0
mccook knife set,B0FMKFTGDJ,131,0,0,0
mccook knife set,B0D1Y5M4RL,133,0,0,0
mccook knife set,B0C4YQDZ58,134,0,0,0
mccook knife set,B0D2H4BGFQ,135,0,0,0
mccook knife set,B0D6BM4PDD,137,0,0,0
mccook knife set,B0DB5GWLL4,139,0,0,0
mccook knife set,B0B62H439B,142,0,0,0
mccook knife set,B0F596KFF8,143,0,0,0
mccook knife set,B0DSP9ZJVG,144,0,0,0
mccook knife set,B0D7QCZVZR,146,0,0,0
mccook knife set,B0BFH5D4LQ,148,0,0,0
mccook knife set,B0F1FY2HQY,149,0,0,0
mccook knife set,B0CC3JW4D3,150,0,0,0
mccook knife set,B0C61SJWDD,151,0,0,0
mccook knife set,B09SZ1LC36,152,0,0,0
mccook knife set,B0D2X9NPY3,154,0,0,0
mccook knife set,B0B9CKRF1Z,155,0,0,0
mccook knife set,B07HGRSC74,156,0,0,0
mccook knife set,B0DC9NDHVN,158,0,0,0
mccook knife set,B0D4B55VXJ,160,0,0,0
mccook knife set,B0DM2KVB77,161,0,0,0
mccook knife set,B0FG2S91V1,162,0,0,0
mccook knife set,B0CRGVPK86,164,0,0,0
mccook knife set,B0DMQXYRHP,166,0,0,0
mccook knife set,B0DF71RVQZ,168,0,0,0
mccook knife set,B09SBQP6C4,170,0,0,0
mccook knife set,B08FMTRFLW,171,0,0,0
mccook knife set,B0CN3TL8X9,172,0,0,0
mccook knife set,B0C27DQDHD,175,0,0,0
mccook knife set,B0BW9239PC,176,0,0,0
mccook knife set,B083Y587M4,177,0,0,0
mccook knife set,B073RSLMQZ,179,0,0,0
mccook knife set,B0CWP6367T,180,0,0,0
mccook knife set,B08FP28KRT,181,0,0,0
mccook knife set,B0D7HFN6RY,182,0,0,0
mccook knife set,B0CF183C4S,183,0,0,0
mccook knife set,B0CFYBSSB5,184,0,0,0
mccook knife set,B09WNFY6GW,185,0,0,0
mccook knife set,B0C5KKM7T8,186,0,0,0
mccook knife set,B0F38JCVQ6,187,0,0,0
mccook knife set,B07CV159WD,188,0,0,0
mccook knife set,B07PPD7931,190,0,0,0
mccook knife set,B01BW4BWRC,191,0,0,0
mccook knife set,B0CVQXSN17,192,0,0,0
mccook knife set,B0FF8PN8G9,194,0,0,0
mccook knife set,B0CTGWJJM9,196,0,0,0
mccook knife set,B0FCLHN2PJ,197,0,0,0
mccook knife set,B08YMKNDNY,198,0,0,0
mccook knife set,B0FQN4YMF1,199,0,0,0
mccook knife set,B09Y159535,200,0,0,0
mccook knife set,B0B6QDC7SQ,201,0,0,0
mccook knife set,B0CGXJ1F9W,202,0,0,0
mccook knife set,B0D2RL9LRL,203,0,0,0
mccook knife set,B0BS49P3Q9,204,0,0,0
mccook knife set,B0C4BC9ZKW,205,0,0,0
mccook knife set,B0CSK1LNS1,206,0,0,0
mccook knife set,B00004RFN0,208,0,0,0
mccook knife set,B00GIBK06E,209,0,0,0
mccook knife set,B0CN2WR336,210,0,0,0
mccook knife set,B074T6C4YS,211,0,0,0
mccook knife set,B0B8Z7TQD1,212,0,0,0
mccook knife set,B0D8VX9NN9,214,0,0,0
mccook knife set,B0BFWF1PKF,215,0,0,0
mccook knife set,B074V3LZB5,216,0,0,0
mccook knife set,B07X1XMGVX,218,0,0,0
mccook knife set,B0BY9N8B33,219,0,0,0
mccook knife set,B0DQYB15NG,220,0,0,0
mccook knife set,B0CB159CM2,222,0,0,0
mccook knife set,B0773S2V6R,223,0,0,0
mccook knife set,B0BKH3TKKZ,224,0,0,0
mccook knife set,B07GH3KQS5,225,0,0,0
mccook knife set,B07H4GYMTB,227,0,0,0
mccook knife set,B0CNZ97KND,229,0,0,0
mccook knife set,B0CF1ZX18N,230,0,0,0
mccook knife set,B077G3QP39,231,0,0,0
mccook knife set,B0FZRXW3K2,233,0,0,0
mccook knife set,B0D735X3T3,234,0,0,0
mccook knife set,B0FJ889RB6,235,0,0,0
mccook knife set,B08HZC6G87,236,0,0,0
mccook knife set,B0FKH7Q1ZN,237,0,0,0
mccook knife set,B0D9JBVST5,238,0,0,0
mccook knife set,B0DFCK3FZ6,239,0,0,0
mccook knife set,B00R3Z3ZF2,241,0,0,0
mccook knife set,B0BFX1CQVH,242,0,0,0
mccook knife set,B0CN3MJPJQ,243,0,0,0
mccook knife set,B01JPUVQCQ,244,0,0,0
mccook knife set,B0F9Y8SSD7,245,0,0,0
mccook knife set,B0FR4LSKPQ,246,0,0,0
mccook knife set,B0C13WZR6K,247,0,0,0
mccook knife set,B0DHLVCRQ9,248,0,0,0
mccook knife set,B0FCGDLDTH,249,0,0,0
mccook knife set,B004OC1PQI,250,0,0,0
mccook knife set,B08LL7J1P3,251,0,0,0
mccook knife set,B0DF56YGN8,252,0,0,0
mccook knife set,B0FM85S1VX,254,0,0,0
mccook knife set,B0D2RKM464,255,0,0,0
mccook knife set,B09BQWMZ45,257,0,0,0
mccook knife set,B0FXMCV6NC,258,0,0,0
mccook knife set,B0B4N5SFBP,259,0,0,0
mccook knife set,B0BFJJNVPP,261,0,0,0
mccook knife set,B0B3DK79KK,263,0,0,0
mccook knife set,B0CNCN28PX,264,0,0,0
mccook knife set,B0DK877JNQ,268,0,0,0
mccook knife set,B09GG9G6XS,269,0,0,0
mccook knife set,B07CWG761K,270,0,0,0
mccook knife set,B0DGTCRYT2,272,0,0,0
mccook knife set,B0CZ72CNRV,275,0,0,0
mccook knife set,B00V871QBG,276,0,0,0
mccook knife set,B09FP64L57,279,0,0,0
mccook knife set,B0D8G2QVQ2,281,0,0,0
mccook knife set,B0D1MW2BMB,283,0,0,0
mccook knife set,B0C8498R24,284,0,0,0
mccook knife set,B0CGRYSD85,286,0,0,0
mccook knife set,B07CKN631X,288,0,0,0
mccook knife set,B0BG8SPHTD,290,0,0,0
mccook knife set,B08CD3XNRL,292,0,0,0
mccook kitchen knife,B01DDBJF12,8,0,0,0
mccook kitchen knife,B09WW6VGHX,11,0,0,0
mccook kitchen knife,B09NW1J2NW,12,0,0,0
mccook kitchen knife,B0865TNBKC,13,0,0,0
mccook kitchen knife,B0D45BB9JC,21,0,0,0
mccook kitchen knife,B08DJ7BS81,22,0,0,0
mccook kitchen knife,B0FXG4SS9N,26,0,0,0
mccook kitchen knife,B0CDMK4WX4,29,0,0,0
mccook kitchen knife,B0FL1M7TPX,30,0,0,0
mccook kitchen knife,B0CDB1F42P,31,0,0,0
mccook kitchen knife,B0028LXDQ2,36,0,0,0
mccook kitchen knife,B0DM1TBSV2,39,0,0,0
mccook kitchen knife,B0D5MJKC1T,40,0,0,0
mccook kitchen knife,B0BJ2Y7212,41,0,0,0
mccook kitchen knife,B0CMGJBW6S,43,0,0,0
mccook kitchen knife,B0019BL6ZC,50,0,0,0
mccook kitchen knife,B0FKW5ZDJK,51,0,0,0
mccook kitchen knife,B0FXGVVN4N,54,0,0,0
mccook kitchen knife,B0DPGRS6JY,56,0,0,0
mccook kitchen knife,B0028LVP7Q,57,0,0,0
mccook kitchen knife,B0CC44FJ2X,59,0,0,0
mccook kitchen knife,B0DMVBD475,61,0,0,0
mccook kitchen knife,B0BQC3LSTH,63,0,0,0
mccook kitchen knife,B0DPVKZZ1Q,64,0,0,0
mccook kitchen knife,B01DUT3QQW,67,0,0,0
mccook kitchen knife,B0D5MLTGDG,68,0,0,0
mccook kitchen knife,B09RTDPM5T,73,0,0,0
mccook kitchen knife,B0DGBDPKDB,76,0,0,0
mccook kitchen knife,B0028LVP8U,84,0,0,0
mccook kitchen knife,B09SZ26VKV,86,0,0,0
mccook kitchen knife,B0DNQYN6TY,87,0,0,0
mccook kitchen knife,B0CCJ3FCCW,88,0,0,0
mccook kitchen knife,B0DFPS1TCV,94,0,0,0
mccook kitchen knife,B003AUUD9U,99,0,0,0
mccook kitchen knife,B000MP79QG,101,0,0,0
mccook kitchen knife,B003UERCR2,102,0,0,0
mccook kitchen knife,B0CYV3WZ3L,104,0,0,0
mccook kitchen knife,B0DRS7927P,106,0,0,0
mccook kitchen knife,B08ZQPCYTQ,107,0,0,0
mccook kitchen knife,B0FWYKP87T,108,0,0,0
mccook kitchen knife,B09YYN551Z,110,0,0,0
mccook kitchen knife,B0F4X1P12D,112,0,0,0
mccook kitchen knife,B00629K3QY,116,0,0,0
mccook kitchen knife,B00714PXOG,117,0,0,0
mccook kitchen knife,B0C2Z331TX,119,0,0,0
mccook kitchen knife,B0B4D8KNM8,124,0,0,0
mccook kitchen knife,B0D5MNGXFD,126,0,0,0
mccook kitchen knife,B0D5Y33CWF,128,0,0,0
mccook kitchen knife,B0D8JM4HJM,130,0,0,0
mccook kitchen knife,B0DS2GFCPG,131,0,0,0
mccook kitchen knife,B0C77YHGY9,133,0,0,0
mccook kitchen knife,B0CSFG6GL3,134,0,0,0
mccook kitchen knife,B0C9JVQ2RB,135,0,0,0
mccook kitchen knife,B07PT5MT1H,139,0,0,0
mccook kitchen knife,B0CYGVBJJP,140,0,0,0
mccook kitchen knife,B00629K4B8,141,0,0,0
mccook kitchen knife,B09RTGH1CZ,142,0,0,0
mccook kitchen knife,B0DJ2BYTPM,143,0,0,0
mccook kitchen knife,B086TLTHNZ,147,0,0,0
mccook kitchen knife,B005116W4G,148,0,0,0
mccook kitchen knife,B01058QNFM,152,0,0,0
mccook kitchen knife,B0F4D2PCSG,153,0,0,0
mccook kitchen knife,B071S6FYPV,155,0,0,0
mccook kitchen knife,B091MKV91D,157,0,0,0
mccook kitchen knife,B0FCS63GVJ,159,0,0,0
mccook kitchen knife,B000L17BQ4,161,0,0,0
mccook kitchen knife,B07QG2L8F1,162,0,0,0
mccook kitchen knife,B0CZ718G51,166,0,0,0
mccook kitchen knife,B0F5WP3TGT,168,0,0,0
mccook kitchen knife,B07FPG9NVL,169,0,0,0
mccook kitchen knife,B0CYV7S6ZH,172,0,0,0
mccook kitchen knife,B0DG8W5G6C,176,0,0,0
mccook kitchen knife,B086PDSJ49,177,0,0,0
mccook kitchen knife,B0CQP1LSHS,178,0,0,0
mccook kitchen knife,B0DRGDQJL5,180,0,0,0
mccook kitchen knife,B08FJB3BT2,184,0,0,0
mccook kitchen knife,B0CSLZD91K,187,0,0,0
mccook kitchen knife,B0FX3S3LP1,193,0,0,0
mccook kitchen knife,B0CY6Q6L34,195,0,0,0
paudin knife,B07KC949P2,1,0,0,0
paudin knife,B07BK4YVB3,2,0,0,0
paudin knife,B0G95BGKN7,3,0,0,0
paudin knife,B095PG6S8F,4,0,0,0
paudin knife,B07K46875F,5,0,0,0
paudin knife,B099S2DB85,6,0,0,0
paudin knife,B09SZ1LC36,7,0,0,0
paudin knife,B07KC84X95,8,0,0,0
paudin knife,B09MVWT85R,9,0,0,0
paudin knife,B09SZ26VKV,10,0,0,0
paudin knife,B0DSK8P872,11,0,0,0
paudin knife,B07P46SQPW,12,0,0,0
paudin knife,B0DGQLGFW7,13,0,0,0
paudin knife,B099WPXP54,14,0,0,0
paudin knife,B0DSJ1CNQ2,15,0,0,0
paudin knife,B0F6L991NK,16,0,0,0
paudin knife,B0DSK7JYLW,17,0,0,0
paudin knife,B0D4DCRXW8,18,0,0,0
paudin knife,B07VWJTN1W,19,0,0,0
paudin knife,B0FCXWCXY4,20,0,0,0
paudin knife,B07XD39KRG,21,0,0,0
paudin knife,B0CJV6S9PW,22,0,0,0
paudin knife,B0F23DWMK8,23,0,0,0
paudin knife,B0DCZ2SP6K,24,0,0,0
paudin knife,B0865TNBKC,25,0,0,0
paudin knife,B0FCY5NC6N,26,0,0,0
paudin knife,B0DSJ3GLNQ,27,0,0,0
paudin knife,B0DGQLD5Q1,28,0,0,0
paudin knife,B01DDBJF12,29,0,0,0
paudin knife,B0DSJ36HHZ,30,0,0,0
paudin knife,B0FQHT7Y9V,31,0,0,0
paudin knife,B0979798RL,32,0,0,0
paudin knife,B0BYNVPZ23,33,0,0,0
paudin knife,B0FWQJ6S34,34,0,0,0
paudin knife,B09S9TRHN5,35,0,0,0
paudin knife,B0979618DB,36,0,0,0
paudin knife,B09S9YQS7W,37,0,0,0
paudin knife,B0DM84Y4XT,38,0,0,0
paudin knife,B0FWQYMLHG,39,0,0,0
paudin knife,B09FL98DFP,40,0,0,0
paudin knife,B09SB3P9HP,41,0,0,0
paudin knife,B0FWQZBC8N,42,0,0,0
paudin knife,B0C37CN71P,43,0,0,0
paudin knife,B09797YFYY,44,0,0,0
paudin knife,B0DM8363RQ,45,0,0,0
paudin knife,B0D9Y3LHHP,46,0,0,0
paudin knife,B09YK8J9G6,47,0,0,0
paudin knife,B0C37G8DCK,48,0,0,0
paudin knife,B09DSYHCTY,49,0,0,0
paudin knife,B09NLLR8HV,50,0,0,0
paudin knife,B0FWQV72CL,51,0,0,0
paudin knife,B0C37F8XRD,52,0,0,0
paudin knife,B0DFH6VZ5B,53,0,0,0
paudin knife,B0DM7ZZ952,54,0,0,0
paudin knife,B09793FKG8,55,0,0,0
paudin knife,B097992WN4,56,0,0,0
paudin knife,B09FXJ6GMH,57,0,0,0
paudin knife,B09D3DZCQB,58,0,0,0
paudin knife,B09797QVT9,59,0,0,0
paudin knife,B0CQ2KQFQ8,60,0,0,0
paudin knife,B0DM82NK7J,61,0,0,0
paudin knife,B0DPQMPJG6,62,0,0,0
paudin knife,B0DM82G931,63,0,0,0
paudin knife,B0FSZKDY88,64,0,0,0
paudin knife,B09N7F6C3V,65,0,0,0
paudin knife,B0FSZV7WYB,66,0,0,0
paudin knife,B0C37GLKHZ,67,0,0,0
paudin knife,B09N7G38FP,68,0,0,0
paudin knife,B0DM81MGR9,69,0,0,0
paudin knife,B0DM7XB86G,70,0,0,0
paudin knife,B09SB8F3FD,71,0,0,0
paudin knife,B0DM9KC21C,72,0,0,0
paudin knife,B0DM9K3ZQQ,73,0,0,0
paudin knife,B0FSTF4FSN,74,0,0,0
paudin knife,B09N7FCX8W,75,0,0,0
paudin knife,B0DM856S88,76,0,0,0
paudin knife,B0BMFTPFSY,77,0,0,0
paudin knife,B09N7CPC5B,78,0,0,0
paudin knife,B09N6WQ84Q,79,0,0,0
paudin knife,B0DM83MFMC,80,0,0,0
paudin knife,B0GJ3K1LH7,81,0,0,0
paudin knife,B0DM9ML5D3,82,0,0,0
paudin knife,B0DM82BWSR,83,0,0,0
paudin knife,B0CWH4MF7W,84,0,0,0
paudin knife,B0DCV9V2PV,85,0,0,0
paudin knife,B0CLVMXH3Y,86,0,0,0
paudin knife,B0DX6Q61D5,87,0,0,0
paudin knife,B0C6WYBQTH,88,0,0,0
paudin knife,B0B1T6M6ZV,89,0,0,0
paudin knife,B084G8Y5M4,90,0,0,0
paudin knife,B0DZ2BRPLL,91,0,0,0
paudin knife,B0FMQZS2RL,92,0,0,0
paudin knife,B0F9FCYKJZ,93,0,0,0
paudin knife,B0C77KYXKK,94,0,0,0
paudin knife,B0CF183C4S,95,0,0,0
paudin knife,B0CFXWNSP8,96,0,0,0
paudin knife,B0CQCLHBHK,97,0,0,0
paudin knife,B097GXM3HG,98,0,0,0
paudin knife,B07BJZ8WSP,99,0,0,0
paudin knife,B0C8HXRQN7,101,0,0,0
paudin knife,B0DFYRDYD8,102,0,0,0
paudin knife,B0C2Z6L1XB,103,0,0,0
paudin knife,B07L8QTX4C,104,0,0,0
paudin knife,B01MT566O0,105,0,0,0
paudin knife,B082PDGCWW,106,0,0,0
paudin knife,B0FHH525HX,107,0,0,0
paudin knife,B0FWYKP87T,108,0,0,0
paudin knife,B0CTK42ZNP,109,0,0,0
paudin knife,B007I1PLO4,110,0,0,0
paudin knife,B0CYXGDTVJ,111,0,0,0
paudin knife,B0D86YBQXZ,112,0,0,0
paudin knife,B0DDRTS1ZM,113,0,0,0
paudin knife,B0D871PMKQ,114,0,0,0
paudin knife,B079WWFZY6,115,0,0,0
paudin knife,B0DDQ1Q7TN,116,0,0,0
paudin knife set,B0D4CWNSHC,9,0,0,0
paudin knife set,B07XB21HD7,11,0,0,0
paudin knife set,B09Q2Q2HQ3,12,0,0,0
paudin knife set,B00GHX5HGG,13,0,0,0
paudin knife set,B07ZY4S51Z,15,0,0,0
paudin knife set,B09Q2Q7KF5,18,0,0,0
paudin knife set,B0CCV7SFQZ,21,0,0,0
paudin knife set,B0C6X91FCZ,24,0,0,0
paudin knife set,B0DGL99D84,25,0,0,0
paudin knife set,B0DSK8342X,26,0,0,0
paudin knife set,B0F66FX734,27,0,0,0
paudin knife set,B0D2HYQZGC,29,0,0,0
paudin knife set,B0F3KWZQ61,30,0,0,0
paudin knife set,B0DQXNCHDX,31,0,0,0
paudin knife set,B0DGQKV614,32,0,0,0
paudin knife set,B0CP5QXC1H,33,0,0,0
paudin knife set,B091F7LK55,34,0,0,0
paudin knife set,B08FB6TGN4,35,0,0,0
paudin knife set,B0FJ1M2J1S,37,0,0,0
paudin knife set,B0B1DK264D,38,0,0,0
paudin knife set,B0CKZ1MJ7Y,39,0,0,0
paudin knife set,B0FF925BQL,40,0,0,0
paudin knife set,B0DKPD61BQ,41,0,0,0
paudin knife set,B0CJ4X88K2,42,0,0,0
paudin knife set,B0C4YQDZ58,43,0,0,0
paudin knife set,B0CG8WC1BV,44,0,0,0
paudin knife set,B07STD2G1C,45,0,0,0
paudin knife set,B0CBS9FTDX,46,0,0,0
paudin knife set,B0D44Q9ZCL,47,0,0,0
paudin knife set,B0DWSWPZ5Y,48,0,0,0
paudin knife set,B0BTLH8J6B,49,0,0,0
paudin knife set,B0B9SK369P,50,0,0,0
paudin knife set,B09Y5NZ1WC,51,0,0,0
paudin knife set,B0CRGVPK86,52,0,0,0
paudin knife set,B0BMNQMH9J,53,0,0,0
paudin knife set,B00FLQ4EE6,54,0,0,0
paudin knife set,B0B62LSJMN,55,0,0,0
paudin knife set,B09S5SMGBJ,56,0,0,0
paudin knife set,B0FBRQRPLX,57,0,0,0
paudin knife set,B0DK11DSK5,58,0,0,0
paudin knife set,B0FFMGKQFB,59,0,0,0
paudin knife set,B0FBWK81R9,60,0,0,0
paudin knife set,B0FNMXZVMH,61,0,0,0
paudin knife set,B09V4X692D,62,0,0,0
paudin knife set,B0CXJ94WM3,63,0,0,0
paudin knife set,B09BQV3XNF,64,0,0,0
paudin knife set,B0F4N7HL8V,65,0,0,0
paudin knife set,B0CD1ZL3J6,66,0,0,0
paudin knife set,B00LSV613K,67,0,0,0
paudin knife set,B09DKSJ7JF,68,0,0,0
paudin knife set,B0DP6LBV7H,69,0,0,0
paudin knife set,B0F596KFF8,70,0,0,0
paudin knife set,B0F1FY2HQY,71,0,0,0
paudin knife set,B0CFSTGQ34,72,0,0,0
paudin knife set,B0CVQXSN17,73,0,0,0
paudin knife set,B0D5X4GRCG,74,0,0,0
paudin knife set,B08V399L1Z,75,0,0,0
paudin knife set,B0DNW1X8Z4,76,0,0,0
paudin knife set,B07TWRGXMG,77,0,0,0
paudin knife set,B0DHX4KL9F,78,0,0,0
paudin knife set,B0CFYBSSB5,79,0,0,0
paudin knife set,B0CH12X12D,80,0,0,0
paudin knife set,B0DF2W38BD,81,0,0,0
paudin knife set,B0DS2HTK9N,82,0,0,0
paudin knife set,B0FG7HCKJG,83,0,0,0
paudin knife set,B0FK1X9R79,84,0,0,0
paudin knife set,B0F3XBL19G,85,0,0,0
paudin knife set,B0DLZDWWCM,86,0,0,0
paudin knife set,B09DK23PM1,87,0,0,0
paudin knife set,B0DD56SV3N,88,0,0,0
paudin knife set,B0CZ747XJJ,89,0,0,0
paudin knife set,B0D41MKGZ5,90,0,0,0
paudin knife set,B096XCY3S9,91,0,0,0
paudin knife set,B088KHCNKS,93,0,0,0
paudin knife set,B0FQN4YMF1,94,0,0,0
paudin knife set,B08VJLYQ5D,95,0,0,0
paudin knife set,B0916H4ZSS,96,0,0,0
paudin knife set,B0CHQVGGZM,97,0,0,0
paudin knife set,B0FG2S91V1,98,0,0,0
paudin knife set,B07SMN6GXB,99,0,0,0
paudin knife set,B09HCX44GK,102,0,0,0
paudin knife set,B0BNJWWR3S,105,0,0,0
paudin knife set,B0DMVBD475,106,0,0,0
paudin knife set,B0F4RB57PB,111,0,0,0
paudin knife set,B06WVBM57D,114,0,0,0
paudin knife set,B0CSXWXWFW,116,0,0,0
paudin knife set,B0CSYKLLJ5,117,0,0,0
paudin knife set,B09WGR7W5W,118,0,0,0
paudin knife set,B0CS36TCF8,119,0,0,0
paudin knife set,B0CG2BFKDM,124,0,0,0
paudin knife set,B076QGYHDK,127,0,0,0
paudin knife set,B07S2TDMBK,128,0,0,0
paudin knife set,B01M4HMVAA,130,0,0,0
paudin knife set,B06WP5B4VR,133,0,0,0
paudin knife set,B0C9RB4KZD,134,0,0,0
paudin knife set,B01KQKGDAY,135,0,0,0
paudin knife set,B00GIBKCGC,136,0,0,0
paudin knife set,B0D9QR9MZ4,137,0,0,0
paudin knife set,B0D9H46D1S,141,0,0,0
paudin knife set,B00GIBK06E,143,0,0,0
paudin knife set,B00GIBJZWO,145,0,0,0
paudin knife set,B0CLQXN88Q,146,0,0,0
paudin knife set,B00LI03Q7K,147,0,0,0
paudin knife set,B0C6XGY493,149,0,0,0
paudin knife set,B0B8MLGQFQ,151,0,0,0
paudin knife set,B06XYSXS9F,152,0,0,0
paudin knife set,B0BJB6MHTQ,153,0,0,0
paudin knife set,B0DLMM4FKQ,155,0,0,0
paudin knife set,B00004RFN0,156,0,0,0
paudin knife set,B0CX1SRB66,157,0,0,0
paudin knife set,B0DBJSS5LD,158,0,0,0
paudin knife set,B07QHHXMFR,160,0,0,0
paudin knife set,B0DGB59ZT9,161,0,0,0
paudin knife set,B0B295J4L2,162,0,0,0
paudin knife set,B0DB5GWLL4,163,0,0,0
paudin knife set,B0CYP352KZ,166,0,0,0
paudin knife set,B0CMZ7N6Z8,167,0,0,0
paudin knife set,B0CDGYRRPY,168,0,0,0
paudin knife set,B09NN1FHJG,169,0,0,0
paudin knife set,B0FL9DZ9HV,171,0,0,0
paudin knife set,B0CF1ZX18N,172,0,0,0
paudin knife set,B06XKYMXFN,173,0,0,0
paudin knife set,B0F38JCVQ6,174,0,0,0
paudin knife set,B0DC9NDHVN,176,0,0,0
paudin knife set,B0F1XSJ9YS,178,0,0,0
paudin knife set,B0F53T1C9V,179,0,0,0
paudin knife set,B09K7J96QV,180,0,0,0
paudin knife set,B0DJGDXWBW,182,0,0,0
paudin knife set,B0DKFYLVNL,183,0,0,0
paudin knife set,B01GL5G6O6,184,0,0,0
paudin knife set,B0DDQ21S4V,187,0,0,0
paudin kitchen knife,B07P46QB4K,14,0,0,0
paudin kitchen knife,B0DSHYXVPN,20,0,0,0
paudin kitchen knife,B0F6L7GRHZ,22,0,0,0
paudin kitchen knife,B07W85ND8W,82,0,0,0
paudin kitchen knife,B0BJ6RKT38,85,0,0,0
paudin kitchen knife,B0DRGFJWCZ,87,0,0,0
paudin kitchen knife,B0CYGVBJJP,89,0,0,0
paudin kitchen knife,B0FXWXC6KM,90,0,0,0
paudin kitchen knife,B00008S0TA,91,0,0,0
paudin kitchen knife,B01GL50U70,92,0,0,0
paudin kitchen knife,B0DG9Y57NY,93,0,0,0
paudin kitchen knife,B08ZQPYCBM,95,0,0,0
paudin kitchen knife,B09JPFSNVC,96,0,0,0
paudin kitchen knife,B0CW3FZR24,97,0,0,0
paudin kitchen knife,B0CQP1LSHS,98,0,0,0
paudin kitchen knife,B0DGBDPKDB,99,0,0,0
paudin kitchen knife,B08ZQPCYTQ,100,0,0,0
